Time_ns,Replica_1_Rg,Replica_2_Rg,Replica_3_Rg
0.0,1.5,1.5,1.5
0.05003335557038025,1.522649647723775,1.5212428056975744,1.4931615973818386
0.1000667111407605,1.5102350786428798,1.5076531524528907,1.4897392822401079
0.15010006671114076,1.4826415538660418,1.4924088859075377,1.502417477388148
0.200133422281521,1.475722272351731,1.4883253216700454,1.5207707384586029
0.2501667778519013,1.5004300304985965,1.4759584810504716,1.5044631764544774
0.3002001334222815,1.5027715291099533,1.4979039140979766,1.529643683885827
0.35023348899266177,1.4977860780608285,1.5078303762442178,1.5336798531958216
0.400266844563042,1.4993443220904907,1.512775241217372,1.515767345670715
0.45030020013342226,1.5019716768189504,1.5259097797807677,1.5010370143719824
0.5003335557038026,1.5122814258513648,1.5121955783896253,1.4983166544804158
0.5503669112741828,1.509743698597652,1.4925842460429934,1.4906334487513504
0.600400266844563,1.5220949536056416,1.4967439854996534,1.4728748748575877
0.6504336224149433,1.5097326010408747,1.499533598587727,1.4521877723511163
0.7004669779853235,1.5054981358998738,1.4877036926117058,1.4687086810583099
0.7505003335557038,1.4960464428255338,1.4948531389832693,1.46087191997321
0.800533689126084,1.4957940677536852,1.51172517941299,1.4855902847161344
0.8505670446964643,1.5194824809133367,1.5010767265991174,1.5120567455936713
0.9006004002668445,1.4934287803614001,1.501213281872018,1.5017971681494913
0.9506337558372248,1.4741411820419936,1.503037465020301,1.516392789881202
1.0006671114076051,1.468994614920916,1.5061166993269322,1.5040518172655843
1.0507004669779854,1.4865501670340815,1.5149468888532478,1.5249017578566462
1.1007338225483656,1.4901346173760541,1.5167205100672443,1.5267299353636874
1.1507671781187458,1.4793716122529612,1.5277968684265517,1.4977055891995088
1.200800533689126,1.4817245198889704,1.510062994706056,1.4886159065658782
1.2508338892595063,1.4657748407480988,1.4998584695994286,1.4847208133767222
1.3008672448298866,1.4553944964521157,1.5071224306050721,1.4884939630136442
1.3509006004002668,1.4523763127783462,1.497714164798849,1.505478883310101
1.400933955970647,1.4653652293945143,1.488705443079301,1.4784475293901267
1.4509673115410273,1.4656935408103255,1.4875987020485115,1.4788354918271036
1.5010006671114076,1.4704815337785613,1.4914147059476905,1.5156438406846489
1.5510340226817878,1.4890698014500705,1.4841976054244428,1.5037092147068092
1.601067378252168,1.483280677169135,1.4914438452368342,1.490886057868464
1.6511007338225483,1.5001655526988285,1.5067044805185419,1.4902548125209638
1.7011340893929285,1.4850391115368862,1.4807794705071915,1.4728463575949322
1.7511674449633088,1.5118657181211423,1.4539444222040923,1.4841436211377685
1.801200800533689,1.4886145161046584,1.4688854656864856,1.4861287088746458
1.8512341561040693,1.461719864825475,1.4621802837861864,1.4969718407829413
1.9012675116744495,1.4685176199685246,1.483782140841204,1.5078772981414559
1.9513008672448298,1.4687825716695508,1.51795526254762,1.527147136474629
2.0013342228152102,1.4809251427835637,1.5090949723243945,1.5136683831606523
2.0513675783855905,1.4914643104146543,1.4990404777116564,1.5115656412030898
2.1014009339559707,1.4712596919518561,1.4954533013518259,1.4828820202657562
2.151434289526351,1.4729497053540728,1.4959830172510438,1.4955811075383103
2.201467645096731,1.5054968476913224,1.4924213482692157,1.4954455113212037
2.2515010006671115,1.4961320287044009,1.47920949513282,1.4982538657480349
2.3015343562374917,1.5139534594716804,1.484395858872396,1.4904190853769037
2.351567711807872,1.5084455538993242,1.459283915841142,1.487598666593724
2.401601067378252,1.4985645576528506,1.4680842145068875,1.4989564552741808
2.4516344229486324,1.4815223683889742,1.4715511817731248,1.493146626581197
2.5016677785190127,1.4732237540548014,1.4887592156210543,1.4917845266471252
2.551701134089393,1.4549541393621697,1.4887289966606416,1.4856624799271572
2.601734489659773,1.4793109929120793,1.4925116566309762,1.4829288289086524
2.6517678452301534,1.4780402140773745,1.4783004080955888,1.4918162787921025
2.7018012008005337,1.4695438595123647,1.4803250873552891,1.4814125437053647
2.751834556370914,1.4826493110707428,1.4891193597521775,1.4744560481987596
2.801867911941294,1.4696176085332877,1.4990279780948867,1.466034062543825
2.8519012675116744,1.478397330854909,1.4960727213721707,1.463808553860324
2.9019346230820546,1.4881865302092896,1.511254579994069,1.4659331908064193
2.951967978652435,1.4990742423761672,1.5196276014616197,1.4603507000393567
3.002001334222815,1.5001103924629338,1.5031430624551225,1.4598430206227577
3.0520346897931954,1.5130552135660618,1.4681150100246656,1.4729003561372818
3.1020680453635756,1.50467637581983,1.4564821838815707,1.465197916846085
3.152101400933956,1.5079108533870127,1.4611154329904827,1.4602271412750123
3.202134756504336,1.5193250627961707,1.4658628408082068,1.4744032398925946
3.2521681120747163,1.5157541697447148,1.4641764208001333,1.472429770958007
3.3022014676450966,1.5212145597478433,1.4612585117460375,1.477289445692896
3.352234823215477,1.4823874413812252,1.4717064597120741,1.4603758133670004
3.402268178785857,1.4896373359511121,1.4651667675859688,1.4581422970657416
3.4523015343562373,1.4952171808908024,1.4414168796442273,1.4891695730777443
3.5023348899266176,1.4900940509341813,1.4441732223717683,1.493933719848331
3.552368245496998,1.500497813634351,1.462271652748038,1.490499051825792
3.602401601067378,1.5220342992465075,1.4542765263797837,1.4906641225468267
3.6524349566377583,1.5215114613613483,1.4657201637708552,1.4746228009695144
3.7024683122081385,1.5235734617923913,1.4740560562999605,1.4635836935499955
3.752501667778519,1.5102648854148872,1.4735807817933955,1.4642872241852896
3.802535023348899,1.4971298507273936,1.4782566256139107,1.474654890556666
3.8525683789192793,1.4935782828074304,1.4660365829889654,1.447750665279919
3.9026017344896595,1.4764369996460378,1.4679501291310895,1.479847894858553
3.9526350900600398,1.4755134728715895,1.4867166472069053,1.468493065375695
4.0026684456304205,1.4859919476691212,1.4827703435504898,1.4643470420734763
4.052701801200801,1.481827530989877,1.467255561366353,1.4367768005488717
4.102735156771181,1.4768549719301494,1.4855945112722377,1.4284829429845205
4.152768512341561,1.4667042354648678,1.4663213029179285,1.4370913743321654
4.202801867911941,1.4818362817925546,1.4870236191559687,1.448686750085169
4.252835223482322,1.4812490275622483,1.4848610043722748,1.4364879271797024
4.302868579052702,1.4815121863191192,1.489364667271272,1.424499110647691
4.352901934623082,1.485600804084166,1.4897567167775536,1.4194728911375438
4.402935290193462,1.4966466010340695,1.48602841725627,1.447405057790227
4.452968645763843,1.4808322174899307,1.495702912209809,1.444267819424354
4.503002001334223,1.4746672249449533,1.4895370561392998,1.460236933314301
4.553035356904603,1.488716603981391,1.4756817980220878,1.464408971579795
4.603068712474983,1.480008445329513,1.4749060337677167,1.4842663400415046
4.653102068045364,1.4841206773804831,1.452771337297712,1.4883704205242392
4.703135423615744,1.5134975187915927,1.4542461067968657,1.4778442436146693
4.753168779186124,1.4899120937154102,1.4358464386905774,1.4656366076869234
4.803202134756504,1.489380586534901,1.4426407062964055,1.478955185272573
4.853235490326885,1.4944872637990325,1.4565020972692697,1.4796841001136178
4.903268845897265,1.5091108407562148,1.4665579880370683,1.4824627403968444
4.953302201467645,1.5013555818202924,1.4651675413218561,1.495460715776993
5.003335557038025,1.4793239840467645,1.4333379828230475,1.4927159061506392
5.053368912608406,1.463902348772395,1.4345338780431214,1.49591923461221
5.103402268178786,1.4626291137150222,1.4564995508238472,1.482829345761443
5.153435623749166,1.4432732504495565,1.4512890570620558,1.466366283372354
5.203468979319546,1.472272966452929,1.4610745148826527,1.4534967715767941
5.253502334889927,1.45872222612399,1.454434391416463,1.448970008724393
5.303535690460307,1.474596621957935,1.4760358011757257,1.4693299390855659
5.353569046030687,1.4792823260823367,1.4490776167941948,1.4725336678833676
5.403602401601067,1.4761910508111908,1.4465130700719697,1.4701079029993875
5.4536357571714476,1.4774897552347188,1.4460715100491484,1.4574923357049974
5.503669112741828,1.4561793821531328,1.4563669428657813,1.4584204327685324
5.553702468312208,1.4520727794550203,1.4588120178942747,1.479707621979682
5.603735823882588,1.4594914133299557,1.462261191387016,1.4894120283859071
5.6537691794529685,1.4601454172860944,1.4356044742922784,1.4871014098311128
5.703802535023349,1.4647574827833116,1.4655126318743972,1.482070192282826
5.753835890593729,1.4672272598527454,1.467937580825273,1.4880649188352668
5.803869246164109,1.4807559659269438,1.4598460433190492,1.4847417430468122
5.8539026017344895,1.4676321082943138,1.4775747293458132,1.4925484091097918
5.90393595730487,1.4696105504580512,1.4616970859781375,1.4984619341290168
5.95396931287525,1.4808275106104416,1.4665549771082742,1.504705383133106
6.00400266844563,1.4742078481598457,1.47826162995862,1.4901513337772174
6.0540360240160105,1.46503906523209,1.484885776275431,1.4723282866136533
6.104069379586391,1.474801309190087,1.483839297470745,1.489950455656809
6.154102735156771,1.483044380276752,1.4789854573135202,1.4726543307377742
6.204136090727151,1.470601633390515,1.46405759432681,1.4602780299906473
6.2541694462975315,1.4585381181418509,1.468220781612141,1.4596086719247867
6.304202801867912,1.4642608604444083,1.452100955526071,1.4666635857365886
6.354236157438292,1.4755313235698544,1.467321555873751,1.4648608032381125
6.404269513008672,1.4641096022029538,1.4771068747884826,1.4781627707829397
6.454302868579052,1.4537277274636877,1.4747767530780012,1.4606668112530914
6.504336224149433,1.46221673823969,1.4497115406923673,1.4467236934149477
6.554369579719813,1.4955887815136766,1.4604169070921675,1.4419770179260112
6.604402935290193,1.4861029489510758,1.4688779339606195,1.4536231290280963
6.654436290860573,1.4753975421455865,1.4549705302207012,1.4614262105768419
6.704469646430954,1.461197637599467,1.4518542781465347,1.456897010399325
6.754503002001334,1.474487438415587,1.4560986962443863,1.4673830288892493
6.804536357571714,1.467981975154459,1.4661386397672078,1.469429394374241
6.854569713142094,1.4443463474455127,1.4612579828469046,1.4657328359108528
6.904603068712475,1.4288399255253201,1.4518420711166067,1.457031812433662
6.954636424282855,1.4177184886183332,1.4480096421665185,1.4620609757662237
7.004669779853235,1.418442493826082,1.4394080482841876,1.4556018527875876
7.054703135423615,1.4240185982988978,1.4653751922954674,1.457393579472534
7.104736490993996,1.4376936643498999,1.4868698460199314,1.448029911231734
7.154769846564376,1.4274876460490682,1.4575455544816218,1.445687012437353
7.204803202134756,1.4382014857288388,1.4538214716943585,1.4480084615962618
7.254836557705136,1.4226683088417063,1.4742252944000387,1.4459618564892034
7.304869913275517,1.4341529256825385,1.4885870826293066,1.4550445396548564
7.354903268845897,1.4376272059232402,1.5068085965324316,1.458641221438739
7.404936624416277,1.4444602500149888,1.5128745785171458,1.4579403030614941
7.454969979986657,1.4278118363842116,1.5081965912653936,1.4690967095653116
7.505003335557038,1.4224674735256273,1.5025515043359177,1.4529757774196688
7.555036691127418,1.4265932262622938,1.5110467499150297,1.4697767042292984
7.605070046697798,1.4490983874945145,1.5065099615090212,1.4496268504449634
7.655103402268178,1.4544959655880407,1.4777811620998704,1.4658651385662398
7.705136757838559,1.465774776129386,1.4762845737168473,1.4805725722027543
7.755170113408939,1.467670008051693,1.4519557249697075,1.4952524506121903
7.805203468979319,1.4780139719239476,1.463639018309894,1.494327772413488
7.855236824549699,1.473394388880361,1.4671091865494799,1.4979869113399518
7.9052701801200795,1.4883461415331367,1.4642101061412411,1.5016191575869189
7.95530353569046,1.4860764347888107,1.4667794016473776,1.4965473102395073
8.005336891260841,1.4785025559755478,1.4448804186785604,1.4942249908732894
8.05537024683122,1.4897761829446534,1.4418594839958485,1.498671128365055
8.105403602401601,1.4979473739039069,1.438388760614614,1.4954112220036397
8.15543695797198,1.4883508438356436,1.443884788442956,1.48836269310083
8.205470313542362,1.4968122268712487,1.4445666350947843,1.4862996995036226
8.255503669112741,1.4796244063867636,1.4497424998649544,1.4837921957374318
8.305537024683122,1.4850177102531312,1.4544272753198397,1.495860566062272
8.355570380253502,1.4620431500701268,1.4388071053633422,1.4798505840860205
8.405603735823883,1.4717471491978489,1.4281836631544411,1.469078961248109
8.455637091394262,1.4575419019998803,1.447903907236757,1.4763939249038498
8.505670446964643,1.461763853667063,1.4399971979791761,1.4677141777870601
8.555703802535023,1.466775274854507,1.441783627149382,1.4556904791479632
8.605737158105404,1.4653121104792994,1.454804554220868,1.4574608225929793
8.655770513675783,1.444555760770265,1.4516154613915542,1.4650902739896905
8.705803869246164,1.440846824652278,1.4790420356809417,1.476905345949993
8.755837224816544,1.4413504017732743,1.4639446738707753,1.4607190630045952
8.805870580386925,1.4485596253945512,1.4555235038606364,1.4544168713193086
8.855903935957304,1.4453198926805695,1.4318617589446032,1.4560730170570133
8.905937291527685,1.4407134581025227,1.4472218228492542,1.4593736641725035
8.955970647098065,1.457562579946581,1.4447479749974197,1.4658319011626264
9.006004002668446,1.454276538632616,1.4547858336644823,1.4678371347326686
9.056037358238825,1.4617817489811402,1.4615825859828055,1.4632479474035305
9.106070713809206,1.4289274625778483,1.490114452725528,1.4482606125835127
9.156104069379586,1.4172778725562363,1.4902971862141952,1.446270773254387
9.206137424949967,1.4171356192147835,1.4788563991519217,1.4682818002862335
9.256170780520346,1.412897158016209,1.469165703223087,1.482778941185163
9.306204136090727,1.4108292571984256,1.4764121190041788,1.4843365469466039
9.356237491661107,1.4282388241369022,1.4498091852572317,1.4676415359219228
9.406270847231488,1.4514477461689161,1.4453243642934621,1.4605059697235914
9.456304202801867,1.4544423980958392,1.4293081007661514,1.4711484687603398
9.506337558372248,1.4462087422624634,1.4233176685060955,1.4497347988133849
9.556370913942628,1.4322376515582502,1.4444727218374147,1.4403682255940986
9.606404269513009,1.4276121371450539,1.4360785018066637,1.4482192286897675
9.656437625083388,1.4605571927322114,1.4348551343691436,1.4272372369723187
9.70647098065377,1.4564601662603718,1.4493295572092852,1.4410864016409788
9.756504336224149,1.451276792951332,1.4323670343649766,1.4380256900300448
9.80653769179453,1.4530855525513748,1.4386500159396727,1.4678165589911654
9.856571047364909,1.4752107959228054,1.4278759936828171,1.4654130607226798
9.90660440293529,1.472059821778888,1.4360207578533823,1.4712167927727988
9.95663775850567,1.4930949361703683,1.4347266377659547,1.4738196958852432
10.00667111407605,1.4878055936744279,1.4512050952372177,1.4904388537321007
10.05670446964643,1.4758975811416093,1.4512604750927762,1.4825542258539637
10.106737825216811,1.468469474293322,1.4579302337618327,1.4834855511365757
10.15677118078719,1.4620471177451888,1.4749286103969679,1.4719722658822967
10.206804536357572,1.4540005979267305,1.4703040653451058,1.4500430777292965
10.256837891927951,1.4385581781525816,1.4835802089673902,1.4508810632532652
10.306871247498332,1.446173023861839,1.4867322003713903,1.4532268763293874
10.356904603068712,1.4571562851236672,1.49178930889897,1.4460008649465215
10.406937958639093,1.4570245969974953,1.476088259592654,1.4374645340645538
10.456971314209472,1.4469715745839127,1.474739042841132,1.4444562964065621
10.507004669779853,1.4552913927823388,1.4728942445088546,1.4482785305075876
10.557038025350233,1.455751796472663,1.478547074507722,1.4469322844415686
10.607071380920614,1.4510364005814596,1.4876709006936406,1.4806456219541326
10.657104736490993,1.4602842340898605,1.4935879089190427,1.474887626434898
10.707138092061374,1.4754727743506526,1.4937453258058488,1.4851046794268954
10.757171447631753,1.463867780486742,1.4799574916104532,1.4663028336098918
10.807204803202135,1.4502038318748776,1.4696663291573027,1.4834247737569317
10.857238158772514,1.46405517301299,1.4730718286169873,1.4739362416080102
10.907271514342895,1.4622640680177206,1.4560265172778992,1.4623097853813287
10.957304869913274,1.482460826845213,1.4521034255081733,1.4549097148975239
11.007338225483656,1.4841553248089323,1.4517443766362637,1.4523912254302422
11.057371581054035,1.4805325747037226,1.4582142622929504,1.4443613368110773
11.107404936624416,1.4656185363838872,1.4647217485360025,1.4328493518724073
11.157438292194795,1.449023525552795,1.4491416573406035,1.4334003099241108
11.207471647765177,1.4616717950733062,1.458458888585633,1.4242771880687581
11.257505003335556,1.462948441606631,1.43521616702203,1.4253391920749685
11.307538358905937,1.454744258206714,1.43168654226986,1.4259851608722178
11.357571714476316,1.4466481532713953,1.447561622861921,1.4193826744374738
11.407605070046698,1.4438519094015971,1.4456468847106168,1.426818093779036
11.457638425617077,1.4341425971245494,1.4527648079181352,1.4293578191964667
11.507671781187458,1.4348904509034475,1.483315990081184,1.4297016456560285
11.557705136757837,1.4294420747797825,1.4752313739962641,1.421124084886547
11.607738492328219,1.44557641152919,1.46906223623224,1.3979145548983545
11.657771847898598,1.4497788260436701,1.441267198197347,1.4355799238997324
11.707805203468979,1.440226975653563,1.4480992523100689,1.4435200571499993
11.757838559039358,1.4329957251698389,1.4666142330587963,1.4403682946894274
11.80787191460974,1.4506825654068294,1.4667652693440496,1.4475334567901315
11.857905270180119,1.4590350094819688,1.4654619746298663,1.4484268726502614
11.9079386257505,1.4633328415163005,1.4989566453391212,1.4473638831704867
11.95797198132088,1.4432184065314118,1.4921885515790339,1.4295908625545728
12.00800533689126,1.4431161838353543,1.4867382657087402,1.4179156922155394
12.05803869246164,1.4388501481626417,1.4817536414057466,1.4325642286216103
12.108072048032021,1.4461788785390746,1.4642839491010418,1.4494910461156671
12.1581054036024,1.456509350135158,1.4715471709569907,1.4657285092815595
12.208138759172781,1.4675492387227078,1.483757813854205,1.4484013425766207
12.25817211474316,1.4779935455123296,1.4911380271422539,1.4597906073067815
12.308205470313542,1.4546370255110932,1.4940593520549752,1.4889684809606043
12.358238825883921,1.4682076160415785,1.4773976411569962,1.4902679947978903
12.408272181454302,1.4546608207445821,1.4672899228010456,1.4912874140622425
12.458305537024682,1.47189426357485,1.4986587244207181,1.4902755029784904
12.508338892595063,1.4861714164979627,1.4750991625206789,1.4614484093075577
12.558372248165442,1.4629121607445728,1.4544106517132684,1.471246023036626
12.608405603735823,1.4637754722429392,1.4540077779936302,1.4799938015921483
12.658438959306203,1.4611671632077012,1.4360999875272886,1.4741048090872553
12.708472314876584,1.4573510791985396,1.4249663292746355,1.4617794002326348
12.758505670446963,1.4615322551686027,1.4132096282009239,1.455916806143843
12.808539026017344,1.4612752367673254,1.407308833197668,1.4597960954546394
12.858572381587726,1.4284348750938276,1.4140399187892325,1.471845341365203
12.908605737158105,1.4286542871581573,1.4307287313078296,1.4696135995883597
12.958639092728486,1.427937843468758,1.4369113652057035,1.4706693398238297
13.008672448298865,1.437095527329925,1.4494470491058655,1.46838933364119
13.058705803869247,1.4597598072631086,1.4454320730850456,1.4585407880241263
13.108739159439626,1.473955732504719,1.41491757126672,1.447109261085205
13.158772515010007,1.4748461166380733,1.4131727705819985,1.4512792713141425
13.208805870580386,1.4748259143425002,1.4003446265384634,1.4496265500924383
13.258839226150767,1.4778788761765322,1.4135787735815912,1.4525101426791294
13.308872581721147,1.4442719137483235,1.4275872406026122,1.4811157905867502
13.358905937291528,1.4363962174722589,1.4252458047026386,1.4855078775199204
13.408939292861907,1.45294285971327,1.4288419256128493,1.464203390693007
13.458972648432288,1.4640951846316532,1.4408069606383977,1.4695344772207628
13.509006004002668,1.473632300416996,1.457204002610329,1.4691676354652554
13.559039359573049,1.4750229624100184,1.4471908368701627,1.4908080565011501
13.609072715143428,1.486197733300211,1.4591990598484819,1.4911977043831728
13.65910607071381,1.4854957094369299,1.4517520743916683,1.5006181155083436
13.709139426284189,1.4875679429083588,1.4622059629406032,1.501294006953438
13.75917278185457,1.4698279814063782,1.4281464383514113,1.4991727184435353
13.80920613742495,1.457795865288108,1.4277095761404277,1.4690739531940218
13.85923949299533,1.4565048488004235,1.436814536101434,1.479994658179234
13.90927284856571,1.447408100954247,1.4245759419013164,1.4987228544524136
13.959306204136091,1.4733449650095318,1.399507982583301,1.4859156039854473
14.00933955970647,1.4788921830242079,1.395230215697747,1.500691487940055
14.059372915276851,1.4745432258408875,1.4030327401255316,1.4765873413403372
14.10940627084723,1.4881219076097374,1.417762890954224,1.4753536384384693
14.159439626417612,1.4940953205312724,1.4316572454985963,1.4762311413859617
14.209472981987991,1.4722483416848355,1.4351726928624984,1.4862928223253
14.259506337558372,1.4728733500462459,1.4199589961037054,1.4923221560990239
14.309539693128752,1.476398325189622,1.412797805531946,1.4796928315615563
14.359573048699133,1.4824237512425111,1.4264127428034035,1.499887830108701
14.409606404269512,1.488147836693169,1.4422993911865234,1.475506832068202
14.459639759839893,1.4703389708262982,1.4452939422717834,1.4643501221943935
14.509673115410273,1.4621968433810235,1.4696368360466086,1.456712971313978
14.559706470980654,1.4587397228905865,1.458485501444761,1.43232902743738
14.609739826551033,1.4770514092179734,1.4567660863970824,1.424236735803325
14.659773182121414,1.4898703407835248,1.4580227950489877,1.4321096260968615
14.709806537691794,1.5002970407297305,1.4539789385798696,1.4605834858313826
14.759839893262175,1.5150671934856983,1.437347080298092,1.4776312718644
14.809873248832554,1.4901093237278449,1.4237277348040827,1.4735360306082184
14.859906604402935,1.4618045106089044,1.4297166831169699,1.4770427578939735
14.909939959973315,1.4623240897928051,1.4391826478495708,1.441720037736565
14.959973315543696,1.4570213475576503,1.4633628961504488,1.4474903527318814
15.010006671114075,1.4688172101359278,1.4617447130697614,1.46669009751034
15.060040026684456,1.483942912997268,1.426516456322553,1.4528953547083228
15.110073382254836,1.4817919536190152,1.4145088340138452,1.465520412387715
15.160106737825217,1.4707112007390595,1.4019592536793675,1.4482323826347108
15.210140093395596,1.4616102783883744,1.400483573599709,1.449335805795633
15.260173448965977,1.4736962859448768,1.4164961246506587,1.4509070583658776
15.310206804536357,1.4843177488676789,1.4271582097426885,1.4568571114160835
15.360240160106738,1.4866809339583358,1.4356486111188242,1.4620879190287126
15.410273515677117,1.4642171642695494,1.4216294925486,1.4785557601273207
15.460306871247498,1.481598772971096,1.4231446253430613,1.4834152105902407
15.510340226817878,1.4705700789553915,1.4283880937368196,1.4771036672665279
15.560373582388259,1.4768266945583102,1.4581290327642726,1.4692837111316437
15.610406937958638,1.4526022584261076,1.472876011963194,1.4539622892987745
15.66044029352902,1.4637021364551752,1.4664299495567066,1.4477637780678965
15.710473649099399,1.4771674549125626,1.4740721767645562,1.4269997432622232
15.76050700466978,1.4693747888711997,1.4711784274985735,1.41102767917217
15.810540360240159,1.4699058011711053,1.4637651129584404,1.4272660986601706
15.86057371581054,1.4670448220732706,1.4572082683494405,1.4395346006670566
15.91060707138092,1.469401465950185,1.4348760587967757,1.4501773646131224
15.9606404269513,1.4427186854849345,1.4570775919456975,1.4435546176152976
16.010673782521682,1.4302752943438013,1.457598871959349,1.4501130598920549
16.06070713809206,1.443024642479726,1.442181778507588,1.427830462148335
16.11074049366244,1.4528586494691436,1.438613318093612,1.442515254199149
16.16077384923282,1.4613203729501911,1.4342074659805184,1.4526595299716945
16.210807204803203,1.4639293318853897,1.4355809917188997,1.4693329721837327
16.26084056037358,1.4519504507503276,1.4328598198247833,1.4694754634098564
16.31087391594396,1.4477382329454727,1.4561817800144419,1.4677869521497835
16.360907271514343,1.4448085865008944,1.4348078630767753,1.4481637285427305
16.410940627084724,1.4571314678201348,1.4507480604059753,1.4647765271196906
16.4609739826551,1.4457427997508976,1.4492960092825071,1.4637613296944716
16.511007338225482,1.4413959497869193,1.461357855796919,1.4551719606308648
16.561040693795864,1.4440064629980065,1.4530515166488072,1.4589638123243855
16.611074049366245,1.4301147713614788,1.4409217923246698,1.4767863667435759
16.661107404936622,1.4303545601337606,1.4454027314918967,1.5021036503040626
16.711140760507003,1.4314039473116156,1.4722036376935788,1.4928395803412304
16.761174116077385,1.4345290519285323,1.453389985979621,1.4691727572256963
16.811207471647766,1.429964617558346,1.461904904913055,1.4635636334329505
16.861240827218143,1.4445927198380402,1.4771435623395364,1.4638938487582271
16.911274182788524,1.4402182003435178,1.4781199181593911,1.4616427512185948
16.961307538358906,1.4589302452632233,1.4716005994703694,1.4680193640745445
17.011340893929287,1.4406609653143627,1.49235051336233,1.4652931710695694
17.061374249499664,1.4391792564469648,1.4850767274765504,1.4637468107264449
17.111407605070045,1.4389614888516482,1.4884152102961745,1.4750315575241983
17.161440960640427,1.4428997585420307,1.4841785376921932,1.4535874721859603
17.211474316210808,1.436116193205541,1.4845552959488606,1.4578214193768955
17.261507671781185,1.4337044180744634,1.4722288311643188,1.4694585863553333
17.311541027351566,1.4189953247378269,1.4594028680095097,1.4625540691816703
17.361574382921948,1.4043144565476913,1.4731039189775708,1.461492844584529
17.41160773849233,1.4394767613020296,1.4697535431251698,1.4701023672991407
17.461641094062706,1.4464772415700342,1.4733663003655062,1.491278369557629
17.511674449633087,1.4450042425232679,1.4556518408069794,1.4635847103119537
17.56170780520347,1.4358694346378444,1.4665383531821348,1.4694456564779497
17.61174116077385,1.4447235727551542,1.479938851190214,1.4686699862077166
17.661774516344227,1.4382700842809983,1.4766072222567121,1.4299465941887175
17.71180787191461,1.437361495535064,1.4526470373950509,1.43864612452338
17.76184122748499,1.4558119295318483,1.4620241269232856,1.4284713986195516
17.81187458305537,1.4557933284603535,1.4403635739463172,1.4593759240608588
17.861907938625748,1.4416158561114911,1.449745651112172,1.47832365627769
17.91194129419613,1.4252440478360797,1.460418879793827,1.4556565689372982
17.96197464976651,1.4027150066504948,1.4433560942082053,1.463599381734608
18.01200800533689,1.3849298877449603,1.4366525664825813,1.4490805195992158
18.06204136090727,1.4022876397543413,1.422849770189286,1.4459093780582883
18.11207471647765,1.4064637937920603,1.417971420526514,1.4571990534706623
18.16210807204803,1.422738296179303,1.407317835498767,1.4557143510063704
18.212141427618413,1.4275008220524907,1.3956001107000462,1.4544953821219793
18.26217478318879,1.4348794458149376,1.3855425043440863,1.4207607775098008
18.31220813875917,1.4157198744283832,1.4065680183593243,1.401221170804298
18.362241494329552,1.4176703923011231,1.4176607357579418,1.3911976168424223
18.412274849899934,1.4279175738255252,1.4375050503218616,1.4065488502500811
18.46230820547031,1.4442314159985419,1.4360550275751767,1.4227482101858586
18.512341561040692,1.4521224726515136,1.4555219108937278,1.4295591557196865
18.562374916611073,1.4566361087737094,1.4391373729953327,1.4367845991993535
18.612408272181455,1.463216108672784,1.440268257007318,1.4285124939356406
18.662441627751832,1.4530113870683146,1.4389445147668134,1.4412458977161484
18.712474983322213,1.4384032892991307,1.4271027302258674,1.454851486859395
18.762508338892594,1.4332485075725268,1.4206891010225358,1.4474599156404966
18.812541694462976,1.4317667881187386,1.4106711530096998,1.4493883908967937
18.862575050033353,1.4432511008340512,1.4187138724006085,1.4668479840645163
18.912608405603734,1.4570669018008104,1.4157064005813067,1.449675947524423
18.962641761174115,1.452068826954486,1.4270323434410872,1.440874072987167
19.012675116744497,1.4337032112924697,1.435152791721372,1.445092173779476
19.062708472314874,1.4267964909964093,1.4354072969512228,1.4422860569370113
19.112741827885255,1.4388312992843697,1.4292571434094108,1.4281178834696973
19.162775183455636,1.4273707869725007,1.429010229621812,1.4297633183868557
19.212808539026017,1.4448959061616662,1.4424088422578831,1.4304459980178172
19.2628418945964,1.4349135482969173,1.446062896658365,1.4409131683049836
19.312875250166776,1.4445623036629263,1.442122861785036,1.4563438610141515
19.362908605737157,1.4255356954483827,1.4401037466561317,1.4375341456996027
19.41294196130754,1.4405971388151473,1.4634858134144308,1.4271127405534747
19.46297531687792,1.409292219796235,1.4560740240586092,1.4473874186358617
19.513008672448297,1.4143694411169025,1.4518472694323838,1.4462401806109972
19.56304202801868,1.4227933564709505,1.459409814499215,1.4417216198549043
19.61307538358906,1.4247580057440477,1.4521904701372645,1.434831412541207
19.66310873915944,1.4254899469883022,1.4349037457428657,1.44479075933231
19.713142094729818,1.424154968471445,1.4283658450032348,1.4350693049110372
19.7631754503002,1.4238878086167706,1.4278819092347916,1.4443757144622404
19.81320880587058,1.4504347100815487,1.4315521757305556,1.440398119532197
19.86324216144096,1.4378070618934746,1.4323573029204173,1.4386612328342463
19.91327551701134,1.453720394780431,1.4242256089386827,1.4274042930684945
19.96330887258172,1.4669990597324811,1.430331163665802,1.4443212017415292
20.0133422281521,1.451204174264987,1.4424469281910997,1.4596037090755973
20.063375583722483,1.4451554813009568,1.4286512094959016,1.4459723085049327
20.11340893929286,1.4740200731546291,1.4585511135347475,1.4514453112492074
20.16344229486324,1.491320678216063,1.4440552118789123,1.4905999852957452
20.213475650433622,1.4962773025233307,1.4643329558841283,1.4712687842832946
20.263509006004004,1.4850365651347657,1.478393240451963,1.4596153151799158
20.31354236157438,1.4639045805382047,1.4878322635201924,1.4649749774978698
20.363575717144762,1.4473163171115844,1.4921271412389208,1.4457630839983893
20.413609072715143,1.4597912335611853,1.4703490692035834,1.4522441727715674
20.463642428285524,1.4493609364652686,1.4587137364643765,1.4649441896760098
20.513675783855902,1.4336293275531289,1.4648378095589292,1.472909492524022
20.563709139426283,1.4456416656740516,1.451100536785952,1.467636271583268
20.613742494996664,1.4339641891810806,1.4603557436567784,1.4663552772943405
20.663775850567045,1.45161868381685,1.4457098861827495,1.4630449375092371
20.713809206137423,1.4546890149695155,1.4321311005915525,1.463905716194481
20.763842561707804,1.459675513842295,1.4371604506708742,1.4595863963663593
20.813875917278185,1.4370959170588633,1.4340090797790772,1.4530935111360501
20.863909272848566,1.433342937619843,1.4418905282270298,1.4738345340587646
20.913942628418944,1.431815593122511,1.436804759373926,1.4696996698030744
20.963975983989325,1.4305732872129895,1.420725770605938,1.436536474436252
21.014009339559706,1.437408937170527,1.4323502198058677,1.4384430156075716
21.064042695130087,1.4395594454151006,1.4211850506187784,1.4429247110115315
21.114076050700465,1.4343105423615075,1.4226366934692545,1.457425361360398
21.164109406270846,1.4509853502127452,1.4429435580367125,1.4466320808911657
21.214142761841227,1.4568363987756,1.4625302114509986,1.436898231055238
21.26417611741161,1.457432870388272,1.4540043650951715,1.4379843615041776
21.314209472981986,1.4544343664778265,1.449503471558398,1.449718916473708
21.364242828552367,1.4787809487237087,1.4502533921850709,1.454461785880859
21.41427618412275,1.455518660113363,1.4612535591589648,1.4444610167809533
21.46430953969313,1.448542268474315,1.4755647237930667,1.4520885055932415
21.514342895263507,1.4744152557745795,1.4673657304449907,1.4426741765628706
21.564376250833888,1.4776961535016684,1.457555152141108,1.4229917431171102
21.61440960640427,1.4902695219598436,1.4469158604219403,1.4137314871536468
21.66444296197465,1.4784071950095337,1.4420234351690024,1.4224483042097629
21.714476317545028,1.4853701052696717,1.454955790993166,1.4187210330984314
21.76450967311541,1.46158829973297,1.4332022004028606,1.430757213183521
21.81454302868579,1.443783854342135,1.4186954257237947,1.4286677978957085
21.86457638425617,1.448518017415193,1.3985997084677013,1.4325724686837396
21.91460973982655,1.4350240740987366,1.4073917551838693,1.4245452821366642
21.96464309539693,1.4355967666096492,1.4252160513808354,1.4421455418888245
22.01467645096731,1.4380934762219177,1.426053458395657,1.4452244323870733
22.064709806537692,1.488054757461935,1.4168840304370685,1.4634844824848858
22.11474316210807,1.4833761176967022,1.4219268896755477,1.4711837861400863
22.16477651767845,1.4820359824335092,1.4277818089550187,1.4654951947985928
22.214809873248832,1.4722197289899952,1.4401761359248146,1.4724389869952035
22.264843228819213,1.4556904604738994,1.4425116181719448,1.4605675342878837
22.31487658438959,1.4419473176446993,1.4317195087397008,1.455130821360946
22.364909939959972,1.4382942364591642,1.4374824234284278,1.4493029915040994
22.414943295530353,1.4420613577577701,1.4577353237051693,1.4312413509772923
22.464976651100734,1.4387116262136919,1.4459098525362786,1.4196992292432835
22.515010006671112,1.4481048984773692,1.4489803630323668,1.4315373754372427
22.565043362241493,1.4337786705428262,1.4499039984561135,1.4302003296621482
22.615076717811874,1.4227135235880848,1.449321288114751,1.4383482408343933
22.665110073382255,1.4343714201169064,1.418767448080604,1.426018735269401
22.715143428952633,1.4578767221391147,1.4361617127412134,1.4338706226204174
22.765176784523014,1.4648167358767294,1.4278822625397418,1.4444322225264121
22.815210140093395,1.4697265845331149,1.4291818592744685,1.4405037142591584
22.865243495663776,1.452058683621703,1.4082846530786188,1.4496845500160858
22.915276851234154,1.4456565445613316,1.4026726747043263,1.452424788523449
22.965310206804535,1.4363931359754114,1.391625251244465,1.4532453047639946
23.015343562374916,1.4232357041461698,1.3998555045580843,1.4429669010616863
23.065376917945297,1.4197800345654785,1.4161006119473623,1.4725647029198035
23.115410273515675,1.410779754558628,1.4233186064818975,1.462813916762438
23.165443629086056,1.4256456352226714,1.4302415559901172,1.4679234994989203
23.215476984656437,1.4387862913751968,1.4371380669666962,1.4605939953632643
23.265510340226818,1.442198665975106,1.4491219878284896,1.447080615475913
23.315543695797196,1.4254488728681285,1.451450687042543,1.4482022270673152
23.365577051367577,1.4278953488738986,1.4576961771072179,1.4716436913537658
23.415610406937958,1.4284857790149772,1.4447955654481008,1.459920480060761
23.46564376250834,1.4411807179045717,1.4521934060829012,1.474940776119266
23.515677118078717,1.433602500270029,1.442897211016363,1.476116025507619
23.565710473649098,1.4136790963408135,1.4437188860460293,1.4665355436205165
23.61574382921948,1.429356765171513,1.4156732993526429,1.469752631548907
23.66577718478986,1.415691517322813,1.416296310904817,1.4656649422486785
23.715810540360238,1.4492978036622532,1.429708915646561,1.4625912407340667
23.76584389593062,1.44646394117783,1.4310076463033958,1.4645369903349685
23.815877251501,1.4539138130366356,1.4206632771242944,1.4665462460954148
23.86591060707138,1.4541325361589066,1.4357708778012535,1.453910478701252
23.91594396264176,1.4669082522939774,1.4217445238731505,1.4623675524832962
23.96597731821214,1.4533612077399929,1.4240329239943958,1.4659407483857416
24.01601067378252,1.4700794531211367,1.4270054772646048,1.4745467482447006
24.066044029352902,1.434377217391212,1.4262970439549603,1.465165404716043
24.11607738492328,1.4338316906916178,1.4430852259540692,1.47254407775557
24.16611074049366,1.436996287927028,1.4319964128772544,1.458978729810035
24.216144096064042,1.434638719772656,1.451242849651135,1.4673137302167936
24.266177451634423,1.4468912839833667,1.4655832610368151,1.4579366099233855
24.3162108072048,1.4442841827377835,1.4661477295759329,1.4640170043565055
24.366244162775182,1.4270153847293017,1.468247897387013,1.4647517193896378
24.416277518345563,1.4342829038651956,1.4558593945414042,1.446282028436973
24.466310873915944,1.4371655309201306,1.4452558866580296,1.454570786799173
24.51634422948632,1.4313577772282593,1.4525744721600684,1.4364075976974893
24.566377585056703,1.4466957569259866,1.455871547133722,1.4299908599193114
24.616410940627084,1.43774947756105,1.4688127479141773,1.4430668999913083
24.666444296197465,1.4157788780445226,1.4616332438526072,1.4539068028407653
24.716477651767843,1.4071996783338236,1.4672056291349393,1.4760229737108321
24.766511007338224,1.411782421379078,1.4489307871086545,1.470659135961628
24.816544362908605,1.4252462634764917,1.4575055563045058,1.4798183602851274
24.866577718478986,1.4149309006741733,1.4642384562833797,1.4898063167425735
24.916611074049364,1.4185751207081099,1.4715721454645319,1.4712459144714465
24.966644429619745,1.4402025885587373,1.457522712724192,1.4737570449110955
25.016677785190126,1.4444959184318364,1.4422227520424846,1.4748639821935043
25.066711140760507,1.456731493839811,1.4399080642280506,1.4696074907238248
25.116744496330885,1.4564049871718507,1.4427298403926065,1.4609360855747129
25.166777851901266,1.4762496250535861,1.4571936603296698,1.47182539459833
25.216811207471647,1.4594099111075747,1.4667403832701142,1.4720636088658359
25.266844563042028,1.4544887013017576,1.4651953880332116,1.4744528861869717
25.316877918612406,1.4394474025041868,1.4311357486872702,1.4751667851542718
25.366911274182787,1.4485512476234763,1.4595308404910974,1.4529394533720603
25.416944629753168,1.4356361463620537,1.476436113762261,1.429626929929691
25.46697798532355,1.4449771018395738,1.4781309974154242,1.4608766528051462
25.517011340893927,1.4659414178633101,1.482357681956859,1.4511399710491455
25.567044696464308,1.471115492332527,1.47832543488286,1.455641367834367
25.61707805203469,1.4630121622948675,1.4751402192686602,1.4566991450067868
25.66711140760507,1.4423552879312194,1.470835824535356,1.4696589045264334
25.71714476317545,1.4608342335123448,1.460689532561932,1.45452052446913
25.76717811874583,1.4731745580031719,1.481858522392367,1.4346379589940377
25.81721147431621,1.4518100943622652,1.4607607895661014,1.4236141741348864
25.86724482988659,1.465205309339124,1.462857558231677,1.4254992350797666
25.917278185456972,1.471497828099414,1.4369217774845957,1.4300376295305006
25.96731154102735,1.4455294861277974,1.446302217390408,1.421304043285965
26.01734489659773,1.4327401234884276,1.4536399823671122,1.4401933991060019
26.067378252168112,1.4422584061392627,1.4382196774733944,1.4453156879397073
26.117411607738493,1.453185824321626,1.4615236345120088,1.4212852857889668
26.16744496330887,1.4534245055768065,1.4622824146646483,1.4310829947864174
26.21747831887925,1.4532549884740624,1.4789202803794859,1.4359391432059958
26.267511674449633,1.474035571403437,1.4829114643571497,1.4379653099360803
26.317545030020014,1.4618542315592629,1.4640958719050332,1.440941582465552
26.36757838559039,1.4534504398909593,1.4529140007976982,1.4578614157775946
26.417611741160773,1.4479581619078798,1.4685700156558485,1.4581128272862804
26.467645096731154,1.4829596653895856,1.4440521466966232,1.4614162116194247
26.517678452301535,1.4818098842546545,1.470173561550027,1.4640879163360667
26.567711807871913,1.4691726375712955,1.4783830979527326,1.4501048338256615
26.617745163442294,1.482341414442678,1.4725069771726687,1.4593631236000233
26.667778519012675,1.4447148361158084,1.4632418421978632,1.4561575877225088
26.717811874583056,1.4560336710816295,1.4760462888847927,1.45866491942434
26.767845230153434,1.4444838513749934,1.4485919891749446,1.4645036526405029
26.817878585723815,1.4307433270099457,1.4585489702204766,1.4532053050975442
26.867911941294196,1.4407712129857135,1.4324349146687338,1.4516477982072062
26.917945296864577,1.4611556264501397,1.4457623998316655,1.4649864401673491
26.967978652434955,1.4403812043198223,1.454395703059428,1.453544855852017
27.018012008005336,1.434027783823202,1.4508761787501154,1.4510769313804635
27.068045363575717,1.447454542603275,1.4425026667705676,1.4622897658376777
27.118078719146098,1.428295206933196,1.4376489708691662,1.4531614397126695
27.168112074716475,1.407458757868429,1.4453758277288402,1.4740421205752354
27.218145430286857,1.4112679879178054,1.4497722785693912,1.454345592318024
27.268178785857238,1.4264126665866366,1.4438811579837036,1.442679339750357
27.31821214142762,1.412363842799106,1.4476307292289285,1.453524962597747
27.368245496997996,1.419992384093649,1.4515603766923357,1.4620544170402876
27.418278852568378,1.4148987365321057,1.4676929901732296,1.4520789664132197
27.46831220813876,1.4214753621871639,1.455216287798639,1.4538802702542017
27.51834556370914,1.4415335967195695,1.4560616137049174,1.4649815838672309
27.568378919279517,1.4293175282564614,1.4363966222164108,1.466217278802773
27.6184122748499,1.4292154785277462,1.449298086244917,1.4721896787211723
27.66844563042028,1.4466296345631975,1.4340550132149843,1.477270180250226
27.71847898599066,1.4523025081721213,1.4347507155368602,1.4728703724993648
27.76851234156104,1.4503974382401994,1.4441829786943179,1.482253054858872
27.81854569713142,1.4395870029592632,1.4444865838372836,1.4754187944426382
27.8685790527018,1.4451982544641615,1.4346448042288986,1.4818477141480426
27.918612408272182,1.4474007728693719,1.4260845714164385,1.4720791918153993
27.96864576384256,1.4365317367430814,1.4408777435544926,1.4696297451226976
28.01867911941294,1.4518849175753041,1.4528672126108293,1.4787017616211537
28.06871247498332,1.4461693896687084,1.4417440999193663,1.46550917224399
28.118745830553703,1.4585903434417762,1.4674060351396516,1.4583017027956053
28.16877918612408,1.448547968171931,1.4562116961264397,1.4518969105906914
28.21881254169446,1.4668370198370704,1.4534337681176581,1.4627772231950202
28.268845897264843,1.4659045681377847,1.458596272319235,1.4774458640614425
28.318879252835224,1.4629766065007042,1.4613681911326488,1.47753713111881
28.3689126084056,1.4622596084425898,1.461305822378349,1.4813446389539415
28.418945963975982,1.452862185690358,1.447480396868622,1.4866803476463955
28.468979319546364,1.4393353248875893,1.4542957999739565,1.4719958984260113
28.519012675116745,1.4479180057760535,1.440760130180246,1.4609262802819998
28.569046030687122,1.4475684832056654,1.4321536870389768,1.466744539810202
28.619079386257503,1.4250862684352756,1.419913128892175,1.487651962638251
28.669112741827885,1.427537153840891,1.4182841277538192,1.4822050140836296
28.719146097398266,1.4280573922654587,1.422941196912616,1.4661996881118216
28.769179452968643,1.4464057395243415,1.4280620713573728,1.4454744085487596
28.819212808539024,1.4473608579631505,1.4260055319757183,1.461265061592528
28.869246164109406,1.4439074864195898,1.4383190428810788,1.445537627866754
28.919279519679787,1.4477098452705386,1.4463111628964926,1.4428261784357765
28.969312875250164,1.4767051797583948,1.4500229338694282,1.434678660438634
29.019346230820545,1.4522090981837672,1.4486544419371121,1.436770062822781
29.069379586390927,1.4519797733136592,1.420080305945079,1.4705231282303957
29.119412941961308,1.457658564538458,1.4344372742865192,1.4787297269154582
29.169446297531685,1.470678653546539,1.4261538319749358,1.4566050568411333
29.219479653102066,1.4780508317207286,1.4253255091714303,1.4311668326562246
29.269513008672448,1.475453776315167,1.4299812170406094,1.4315880972267785
29.31954636424283,1.4681007149546226,1.4369800162291335,1.4271972715341603
29.369579719813206,1.476087393288603,1.4359824190365382,1.4398172275378185
29.419613075383587,1.4535649425331225,1.4415506641465035,1.453727853737446
29.46964643095397,1.4428993187238508,1.439288997981333,1.4566137457903903
29.51967978652435,1.4419211024103147,1.4247174396131121,1.469555602240008
29.569713142094727,1.4604356326880514,1.421298238431812,1.475884630354048
29.61974649766511,1.4575267465529897,1.4135341043281164,1.4706918620185647
29.66977985323549,1.452887705974345,1.3982019156327516,1.4711204076279032
29.71981320880587,1.4597244398975016,1.4068914227985776,1.4517922066935256
29.769846564376248,1.4580123474239373,1.4208145855383807,1.4700557829424008
29.81987991994663,1.4602813830718042,1.4245601150653096,1.4775204885952506
29.86991327551701,1.439032620136914,1.4140433162199373,1.46019735757347
29.91994663108739,1.4383645863502639,1.4150134761490352,1.4498899069182358
29.96997998665777,1.434438542565328,1.4265362159448962,1.4446119848915029
30.02001334222815,1.4453864595072519,1.4118308927571575,1.4493950683613994
30.07004669779853,1.4398339939201787,1.4074924811200769,1.429920717366558
30.120080053368913,1.4621581703900144,1.4095387563083528,1.4052876140262567
30.17011340893929,1.4648887558738097,1.399667023678036,1.3937883795009123
30.22014676450967,1.4526847580396909,1.4028165447171275,1.3941490981761717
30.270180120080052,1.4427699007947286,1.3887041601357453,1.3926174164158904
30.320213475650434,1.4639384258294306,1.3873347760455896,1.4282060077475982
30.37024683122081,1.4412579583205822,1.4083362782918418,1.4513788425550378
30.420280186791192,1.4298496598752743,1.4528635126507135,1.4595887559447573
30.470313542361573,1.4403119669591034,1.447100005021506,1.4471320312226665
30.520346897931955,1.4620749370025465,1.458445468485044,1.4439110922497569
30.570380253502332,1.4711385133759838,1.4428489837383702,1.45319911432076
30.620413609072713,1.4708658193451007,1.440639300145361,1.4814577600636794
30.670446964643094,1.4611908412866519,1.441121375712925,1.4632211084670108
30.720480320213476,1.451268121303606,1.43695890321619,1.4570908280390273
30.770513675783853,1.445415142888804,1.44635992894451,1.454299182395819
30.820547031354234,1.4374399596853566,1.4550996730203785,1.4665538980700077
30.870580386924615,1.4366185377957135,1.4532634796764994,1.4716368916133775
30.920613742494997,1.4325657966921936,1.4411960778539055,1.463618920260999
30.970647098065374,1.4334716149786373,1.4369635918251804,1.468163126767949
31.020680453635755,1.4280654242783122,1.4377633144003736,1.4707743633166137
31.070713809206136,1.4572589056131624,1.432639729161643,1.4681949149028648
31.120747164776517,1.4593487658366286,1.4365040906637876,1.4726987794694906
31.170780520346895,1.45757927710929,1.4384612349456676,1.4724108360243733
31.220813875917276,1.460392961260228,1.443100224792132,1.4593859692066393
31.270847231487657,1.4790036222937322,1.4405407902304268,1.4630959036410502
31.32088058705804,1.4710449746906313,1.4489018321580325,1.4554578847523434
31.370913942628416,1.4832285362047903,1.467141344897007,1.4645251250141431
31.420947298198797,1.4797479473541268,1.455732346769801,1.455565245096781
31.47098065376918,1.5029077779851916,1.4638044617259827,1.4556668968310067
31.52101400933956,1.4916458379844817,1.45127109841805,1.4477567794228656
31.571047364909937,1.4581664217015948,1.4504705314035917,1.4434783803245168
31.621080720480318,1.4642488036842551,1.4269940186633863,1.4506459517477053
31.6711140760507,1.4569123876357524,1.432704510907314,1.437155140018353
31.72114743162108,1.4297608797349337,1.419146626629501,1.4240654761491258
31.771180787191458,1.4229664010825496,1.405161572771895,1.4524059868648094
31.82121414276184,1.4108211578259642,1.4110865218844868,1.4673495948799569
31.87124749833222,1.433745950594374,1.441499438421715,1.465593618873464
31.9212808539026,1.4354032537096744,1.4341411939047437,1.4564057394668637
31.97131420947298,1.4352329754684103,1.4247125219295016,1.4581005609141318
32.021347565043364,1.4346704524986522,1.4354051356719253,1.4501561692742089
32.07138092061374,1.4430274624868669,1.4460922202439364,1.4566423463982094
32.12141427618412,1.431546022777675,1.4233875375312488,1.4543993732286729
32.1714476317545,1.4304946560225598,1.4432601540707148,1.4567718109537158
32.22148098732488,1.446782061008033,1.4328095195756063,1.4528387128795068
32.271514342895266,1.4509087633438065,1.4102183184272288,1.4631100726665198
32.32154769846564,1.457120842356761,1.4173688746780275,1.4525775123342701
32.37158105403602,1.4614956312362735,1.4285693694545438,1.4349265214166897
32.421614409606406,1.4455796173573965,1.4270593996917793,1.4254386015866134
32.47164776517678,1.4726759177398216,1.4306284331236212,1.4116382426480356
32.52168112074716,1.4682358820484112,1.4550127944146176,1.4152115605338553
32.571714476317545,1.459628283834994,1.4468781946228844,1.4210256464477913
32.62174783188792,1.4352101999220939,1.450285080378043,1.4248660983860437
32.67178118745831,1.447234813965485,1.4603018984817793,1.4191925144822086
32.721814543028685,1.4464640573165335,1.4519742994609282,1.4366421282968982
32.77184789859906,1.4443796925182784,1.4431562180953166,1.4353571881843907
32.82188125416945,1.4470474978065337,1.4355194492275969,1.438814885098265
32.871914609739825,1.453386550323918,1.430595492532599,1.4391111462403725
32.9219479653102,1.4581976294231835,1.4245163964275227,1.4276294753389656
32.97198132088059,1.456285974383215,1.4286851383036896,1.4475922713501204
33.022014676450965,1.4608804594166822,1.4136380067666043,1.4333449697511715
33.07204803202135,1.4469950797387183,1.4330571472682123,1.4167657674577212
33.12208138759173,1.4265635990564876,1.4436344412664504,1.4166549770188004
33.172114743162105,1.4252143384816205,1.4310541015827478,1.4180501606375162
33.22214809873249,1.428343875209655,1.4349391017451476,1.4137718978541964
33.27218145430287,1.4335719920082246,1.433343782454792,1.3941182638036078
33.322214809873245,1.4419825844507133,1.4457349048099555,1.4135343857652765
33.37224816544363,1.4517056157445827,1.4451812574418108,1.4335137249292003
33.42228152101401,1.4445996658735012,1.4416414017423043,1.4278906260045365
33.47231487658439,1.4550465730238737,1.4544114534125463,1.426053052164391
33.52234823215477,1.463520634099863,1.4448245609583235,1.4452582046748625
33.57238158772515,1.4466642150441835,1.4444078035077428,1.4550490020985647
33.62241494329553,1.4357586754700986,1.459816542971171,1.4399533159195312
33.67244829886591,1.4291813472382409,1.4424185698596759,1.4253911102485441
33.72248165443629,1.4387066033897997,1.435503104653798,1.4244075029291887
33.77251501000667,1.4681286227076245,1.4342136674395567,1.4232999089770284
33.82254836557705,1.4890551432440493,1.4671668819431578,1.4359670344968138
33.872581721147434,1.4785103076632065,1.47210679408621,1.4478530480779628
33.92261507671781,1.4514527104521804,1.4836688139878198,1.4390758948636968
33.97264843228819,1.4366280160227842,1.4782460122821561,1.406342919535148
34.02268178785857,1.4490194542521773,1.466284709218707,1.3945961073820907
34.07271514342895,1.4567060410630543,1.4719894150472241,1.4150855596982563
34.12274849899933,1.4795429949649475,1.4814704143579962,1.4446969586114444
34.17278185456971,1.4673282683816085,1.469790520301408,1.4462838014733608
34.22281521014009,1.451908664138806,1.4711104114863565,1.4444303878140283
34.272848565710476,1.479071071822774,1.481995451824097,1.432107055845848
34.32288192128085,1.4743968993454226,1.4792557297440743,1.432536406092176
34.37291527685123,1.4829337121186659,1.471038120346401,1.4222579816263712
34.422948632421615,1.4804813855154846,1.446720468634439,1.4149845499476266
34.47298198799199,1.48558741953347,1.454978113512747,1.4247490743129945
34.52301534356237,1.4894624830611825,1.4598717962628305,1.4625502263456605
34.573048699132755,1.4662009092151758,1.452502628119798,1.4475901819896575
34.62308205470313,1.4514118882759093,1.4495211630942617,1.4328965807336052
34.67311541027352,1.4402676458397308,1.430778901604964,1.4330436167125862
34.723148765843895,1.4414811319868746,1.4431505348392217,1.4227455264199913
34.77318212141427,1.47109671095036,1.4474447849217174,1.4286057161372903
34.82321547698466,1.4680173512805976,1.4372984437739946,1.4363524613611143
34.873248832555035,1.4643863657005498,1.455198793098797,1.4441031163940905
34.92328218812541,1.4618832655745515,1.459122547956556,1.4477550526456544
34.9733155436958,1.43664595676604,1.4547576164825151,1.451574217457508
35.023348899266175,1.4416951233330595,1.4811474028923153,1.4498030940524422
35.07338225483656,1.4417281553396992,1.4939801482607091,1.4498380793030317
35.12341561040694,1.4398598283306405,1.496042385189384,1.4637944117149189
35.173448965977315,1.4602181924063924,1.4693270744058944,1.4543079668664411
35.2234823215477,1.4496761793305748,1.4589486755651677,1.460984094880446
35.27351567711808,1.4404593134664772,1.4528331109506232,1.4498510980422867
35.323549032688454,1.4400539422097245,1.4420559541457452,1.469281838725247
35.37358238825884,1.4300638035144184,1.4441445164293556,1.4582026486789377
35.42361574382922,1.4274315821728416,1.4488341119999977,1.454395924795684
35.4736490993996,1.4175070136160053,1.4542491041661039,1.4427766421182973
35.52368245496998,1.4104048954711665,1.4602918753949712,1.4414558572494276
35.57371581054036,1.4235298872052347,1.4419455132400818,1.4342614877739228
35.62374916611074,1.4203479418599636,1.4468796172182996,1.426417944051805
35.67378252168112,1.422715514551249,1.4379055115774735,1.4477140647798394
35.723815877251496,1.4533820903441896,1.4424208487703698,1.4373639612980227
35.77384923282188,1.4514456276237944,1.4641649412175195,1.4460129414932785
35.82388258839226,1.4519208647092918,1.4762331111600635,1.455965858640293
35.87391594396264,1.4425592598480073,1.4671794484219816,1.4662698944952854
35.92394929953302,1.451279651288584,1.463884222292822,1.4578903003469932
35.9739826551034,1.451368364768985,1.4774552257041778,1.4798256856890541
36.02401601067378,1.4419258672434883,1.493723751119879,1.4525144484739605
36.07404936624416,1.4408226896153826,1.4912441279052322,1.4529538635366794
36.12408272181454,1.4603142618933542,1.4955994010442593,1.4480784524427588
36.17411607738492,1.447674670110564,1.4902886861972466,1.4396780522267194
36.2241494329553,1.4447246620826817,1.4902679399774157,1.4619283343786922
36.274182788525685,1.4501787851352819,1.478594477819381,1.4744184562145672
36.32421614409606,1.4304913121573268,1.4808552080815085,1.4494141531583526
36.37424949966644,1.4618827482708656,1.4743204415281412,1.4482044001777183
36.424282855236825,1.4708044430710037,1.4637386467747855,1.4611502160036185
36.4743162108072,1.4734745511020715,1.4449759345588293,1.4627812596629997
36.52434956637758,1.4850603453446904,1.4407278265257086,1.460541470301294
36.574382921947965,1.4900360605037604,1.4427036239974174,1.441430160486554
36.62441627751834,1.4638148347462432,1.4455208902803254,1.462060226896801
36.67444963308873,1.4491234447278554,1.4627642811695318,1.4317064446268442
36.724482988659105,1.4460939396452348,1.4559712567358842,1.4135249071599227
36.77451634422948,1.4387674666233639,1.4557912494703547,1.4262493701553978
36.82454969979987,1.4422621556843513,1.445838203013891,1.4271706568882698
36.874583055370245,1.4398568326408945,1.4616360172382346,1.4186073646285782
36.92461641094062,1.4562390849652063,1.4843418996976212,1.433454643975891
36.97464976651101,1.4522398628168711,1.4909649253428314,1.4311004692154257
37.024683122081385,1.437879433279316,1.481784505941894,1.4414560470166062
37.07471647765177,1.4265400298121447,1.471277776597614,1.453346593436038
37.12474983322215,1.4296779829080046,1.4605702269799323,1.4470078441164143
37.174783188792524,1.418612503490859,1.45022136723817,1.418584067422952
37.22481654436291,1.4007597078594145,1.4555161610353573,1.4078046430971332
37.27484989993329,1.396436373842335,1.441976946207322,1.404646144801725
37.324883255503664,1.4119239594329263,1.444545983798787,1.416316754235455
37.37491661107405,1.4031982877798774,1.4415366013568294,1.4264967534818835
37.42494996664443,1.4009247294043403,1.457505153232733,1.4187293446034674
37.47498332221481,1.3950310309291665,1.4528197046633575,1.4208341623125864
37.52501667778519,1.4053339742424238,1.4569227186255456,1.4267666389855254
37.575050033355566,1.428374727606193,1.4637927986043815,1.426528861799778
37.62508338892595,1.4368583490831486,1.4440235769668448,1.4440332184386862
37.67511674449633,1.4498173250897568,1.4235131475741525,1.452528388966368
37.725150100066706,1.4400330872122358,1.4198620609825487,1.446805931175691
37.77518345563709,1.4337014286628524,1.4275007222001517,1.4439956848422553
37.82521681120747,1.436081472613205,1.4222116293558136,1.433993842891633
37.87525016677785,1.4413211107263897,1.443101384581557,1.4353216800289352
37.92528352234823,1.4580979989002283,1.4321786704068387,1.4225425511850343
37.97531687791861,1.4764052415935722,1.4349502674797845,1.4474699265667748
38.02535023348899,1.460123871415827,1.4426065583923757,1.4551049248215242
38.07538358905937,1.4661065254284014,1.4286602019654149,1.4526346879489027
38.12541694462975,1.4543420045058777,1.4215825640629172,1.449837567927727
38.17545030020013,1.448744560930075,1.4166870147771646,1.4524399111037296
38.22548365577051,1.4547429120859783,1.4476032881931942,1.4545424222170604
38.275517011340895,1.4533703205294506,1.454499295332001,1.446824082458539
38.32555036691127,1.4530967901022271,1.438261416572855,1.4800764998698352
38.37558372248165,1.4460673675171083,1.4411249872826601,1.475115859133615
38.425617078052035,1.4423118727413735,1.4553757130823624,1.452181786249531
38.47565043362241,1.446932578434817,1.4301790901490512,1.4395937645127574
38.5256837891928,1.4782683496756261,1.4530518958202923,1.4282714928625733
38.575717144763175,1.4526097676085865,1.440010067883834,1.4345711553023628
38.62575050033355,1.461686273240089,1.4448754113543925,1.4300047086422154
38.67578385590394,1.4633060393519557,1.4338208285184473,1.4384436721295828
38.725817211474315,1.4671630626430419,1.4329785859584891,1.4475241599677278
38.77585056704469,1.4761309166453254,1.421661500263474,1.4492744960323654
38.82588392261508,1.4728206936560844,1.4040043829207178,1.4482976656724886
38.875917278185455,1.4600031625501833,1.4078929928168296,1.4521376246183761
38.92595063375584,1.4432952746407794,1.4224758085834412,1.4486513879557035
38.97598398932622,1.4614472505492677,1.425039999257668,1.4464842934506472
39.026017344896594,1.459978598309042,1.451344294303425,1.4698991351413482
39.07605070046698,1.4507119396943653,1.4539119051988474,1.4683788820437964
39.12608405603736,1.4467643357600686,1.459139476079881,1.4720356895488604
39.176117411607734,1.458717480426332,1.4708092035780496,1.4795083496138393
39.22615076717812,1.4694280428944082,1.476224641963351,1.474126727262182
39.2761841227485,1.4720684910084068,1.4632441228149247,1.4635074908550418
39.32621747831888,1.4596364073574866,1.4605960771724475,1.463711652641418
39.37625083388926,1.4739510826510644,1.4469705211756523,1.4636220141988834
39.426284189459636,1.4592320460600507,1.4537268859983594,1.4711246545189234
39.47631754503002,1.4686365195295676,1.4460552925554204,1.4652984365726174
39.5263509006004,1.4429358286212388,1.4372263732002222,1.4609268180725905
39.576384256170776,1.4442104357013905,1.448799983885545,1.4566655097857613
39.62641761174116,1.4596813153519639,1.4400721192693715,1.4476702818540135
39.67645096731154,1.465639124980799,1.453134820921053,1.4456951599406938
39.72648432288192,1.4625924381386153,1.447193137810398,1.4466550693722091
39.7765176784523,1.4395436709267506,1.457885193201061,1.4676236086161345
39.82655103402268,1.432727352941175,1.4576471109294418,1.4764739770903021
39.87658438959306,1.4463917037511078,1.4373283643936483,1.4736558761673537
39.92661774516344,1.461970507983903,1.427728015166757,1.4639877758783708
39.97665110073382,1.4480865270160097,1.4375217641905758,1.4764112446707984
40.0266844563042,1.4490426509371157,1.4377752680970046,1.4888138270972187
40.07671781187458,1.4484738817163514,1.4521441251578626,1.4602886807559472
40.126751167444965,1.4495895379464179,1.4761022689148986,1.4634395284402446
40.17678452301534,1.458444754394213,1.4711911436999516,1.4438224412437528
40.22681787858572,1.4396155965106068,1.4464742640577264,1.454297908185596
40.276851234156105,1.4551370747786077,1.451409400888477,1.4591418512220113
40.32688458972648,1.4736628216682872,1.4630530646905582,1.4567510166510103
40.37691794529686,1.4609560491393518,1.4666658240382808,1.4647098725450947
40.426951300867245,1.4660050874009685,1.4696590446349218,1.445039055502202
40.47698465643762,1.4614134172598356,1.4689253690572044,1.4305265005572902
40.52701801200801,1.4445253729667265,1.45623477145972,1.435184423624966
40.577051367578385,1.4560421760539082,1.4576963421274662,1.439194309165963
40.62708472314876,1.4559034811726181,1.452429523130669,1.4530819815031928
40.67711807871915,1.4396974919901104,1.4528998116753065,1.456585610650851
40.727151434289524,1.443710436420739,1.4491430994671646,1.4394614323873718
40.7771847898599,1.4351185877844697,1.454554352566149,1.4256420179495666
40.82721814543029,1.446281550875934,1.4391280502510349,1.4398649183382861
40.877251501000664,1.4554274793235116,1.4512819994540371,1.4520507114617747
40.92728485657105,1.4675042403079788,1.4751846483584667,1.4479767709756823
40.97731821214143,1.4738163915295561,1.449053252286687,1.4295703390481633
41.027351567711804,1.4583407639401291,1.435514538538526,1.4182497554411424
41.07738492328219,1.4513701574312459,1.4501509921791373,1.429485735840656
41.127418278852566,1.456791150163239,1.4408884547557546,1.4329009487696407
41.177451634422944,1.4518234604233515,1.4418373815572898,1.4435346457005758
41.22748498999333,1.4620083282219793,1.4426923928886084,1.4378545318979667
41.277518345563706,1.4580786875301193,1.4447932197838536,1.44317240456216
41.32755170113409,1.4768439313291848,1.4057571076101414,1.4420506168293468
41.37758505670447,1.4711436333032886,1.398393406957395,1.4390915218096922
41.427618412274846,1.4500113107395858,1.407971082144406,1.4160677563578976
41.47765176784523,1.4428265946856123,1.4397963559052274,1.4256013982843783
41.52768512341561,1.451475124612932,1.4544442122057233,1.4252245374722547
41.577718478985986,1.4443712643143753,1.468778381141528,1.427108419661279
41.62775183455637,1.4410665415616326,1.4424562978628706,1.4174632142196588
41.67778519012675,1.4499758311607756,1.4422928660087613,1.4524318348737286
41.72781854569713,1.436213395518237,1.4404124100129945,1.435342262865016
41.77785190126751,1.4352080946138326,1.463332378537632,1.4431063912613162
41.82788525683789,1.438702368537046,1.4644153256335732,1.420480793422447
41.87791861240827,1.4334473064323197,1.4650546748729094,1.412752901819584
41.92795196797865,1.4341411834919735,1.4626583715690682,1.4232092712750393
41.97798532354903,1.42171396502644,1.4648054394958752,1.4256593796121484
42.02801867911941,1.454900544681305,1.444581037156163,1.4246437068139444
42.07805203468979,1.4753995070506536,1.4479350351905695,1.4284962732551092
42.128085390260175,1.4517247428838433,1.440945374612711,1.4411898053148673
42.17811874583055,1.4371281788531982,1.4464771083420151,1.4209791163287078
42.22815210140093,1.4318289373780408,1.4623685369685477,1.4011607055066855
42.278185456971315,1.4587947355521815,1.4563698304543689,1.404549139735372
42.32821881254169,1.4357417990607526,1.4376351329328412,1.4098493752895924
42.37825216811207,1.4421605054561413,1.4478462973826425,1.4155840414938745
42.428285523682455,1.4248375044246697,1.4337017762564939,1.4270890407556283
42.47831887925283,1.4358433645787056,1.4140638384950825,1.4323482739158744
42.52835223482322,1.4606008657993064,1.4382014489981776,1.4613911426754764
42.578385590393594,1.4567233215933457,1.4634540053372167,1.4520950923227414
42.62841894596397,1.4545895564820328,1.4483169797314086,1.4630541818328489
42.67845230153436,1.4362493756855996,1.446830106301798,1.435717657560241
42.728485657104734,1.4552873051032447,1.4765611218082575,1.4340320283056371
42.77851901267511,1.464165918634824,1.454491835371975,1.4147951090105284
42.8285523682455,1.4582550598287631,1.4430249779737703,1.4076590646136546
42.878585723815874,1.462449468962487,1.4482699372376073,1.4359094796627365
42.92861907938626,1.4506084466436013,1.4122442327567444,1.4623542938082643
42.978652434956636,1.432417408467877,1.4090720905194425,1.4521457893355783
43.028685790527014,1.4557606237463814,1.4304149377684066,1.4580885086322701
43.0787191460974,1.4549412458060937,1.443830515729235,1.4757498872918782
43.128752501667776,1.4698283411492905,1.4402377884864102,1.466520359527557
43.178785857238154,1.459795698023264,1.4403148416735287,1.4521561960166518
43.22881921280854,1.436374751500242,1.4536070576378566,1.464764498821349
43.278852568378916,1.449260690728256,1.45921873913428,1.458008441533931
43.3288859239493,1.4454457138841998,1.47290974500454,1.4563296841462554
43.37891927951968,1.4338276786157924,1.4916228987681186,1.4412587794947553
43.428952635090056,1.4394798443649224,1.4837217443729755,1.4532888092652279
43.47898599066044,1.44358997640219,1.5003722714020444,1.4434714773538524
43.52901934623082,1.455252637163518,1.4999925742339604,1.4491310723832849
43.579052701801196,1.452117533834395,1.4850674415880738,1.4541689842465266
43.62908605737158,1.4590909308970064,1.4848023839250095,1.4442793089007726
43.67911941294196,1.4458705597522192,1.4693473202905003,1.4224342441831563
43.72915276851234,1.4376841042050346,1.472737072149082,1.4368716893850062
43.77918612408272,1.4475050910607299,1.4746541760529226,1.464952242027356
43.8292194796531,1.4257500827089897,1.4713503673510504,1.4751483777484775
43.87925283522348,1.4368960319838282,1.487183422207928,1.4606229297311277
43.92928619079386,1.4426757579699776,1.4674909712561293,1.4631257396561204
43.97931954636424,1.4489715540394525,1.4729726022092793,1.446490330872204
44.02935290193462,1.451224122100004,1.4654396322106165,1.4452317160037762
44.079386257505,1.446558826823678,1.46897091146489,1.4332615242947635
44.129419613075385,1.456641890978869,1.4742833267879711,1.428729025180812
44.17945296864576,1.4538806118074403,1.4892741096828506,1.4429277895937467
44.22948632421614,1.4662420376093286,1.4852479739529565,1.4432592412859195
44.279519679786524,1.4668069259942835,1.493216399941071,1.4427121476413889
44.3295530353569,1.4674844571424441,1.4967586645823792,1.4165296915820902
44.37958639092728,1.4576363562517058,1.5025192327284491,1.4152932848960615
44.429619746497664,1.4620769745490667,1.5017885317114013,1.419394160157345
44.47965310206804,1.4620131102414633,1.4806211696443219,1.4209117658396662
44.52968645763843,1.4688783339928129,1.4957572830233061,1.4352050266828464
44.579719813208804,1.479838302584023,1.4937620521576824,1.442466361631623
44.62975316877918,1.4689620878121992,1.4990345550982738,1.4515409029963446
44.679786524349566,1.4204685263491543,1.4865969531418959,1.4403601884483104
44.729819879919944,1.4436297380076653,1.4765500845548316,1.4229529253411277
44.77985323549032,1.4543459620487256,1.4759189295468533,1.429795999272054
44.829886591060706,1.466046684840556,1.4670421088038637,1.4239493853025693
44.879919946631084,1.4664208273915624,1.4685555462833215,1.4291113171756205
44.92995330220147,1.4742302784033534,1.4759376244000333,1.4331490242219371
44.979986657771846,1.4652653234035622,1.4793849614935861,1.4425495826174002
45.030020013342224,1.465565041007432,1.4881837008917391,1.44287149991389
45.08005336891261,1.4714943152596374,1.4628985591313288,1.445700399391695
45.130086724482986,1.4458941994934988,1.4489764237173013,1.4292185650906424
45.18012008005337,1.4539049393618566,1.4491238966149633,1.428063309039318
45.23015343562375,1.4563794822381446,1.4609268116561884,1.4447976935577236
45.280186791194126,1.431719303495786,1.4735441986454927,1.451272896276734
45.33022014676451,1.4402055843743802,1.4747265836386168,1.4455778534250958
45.38025350233489,1.4448445629159083,1.4959568278593038,1.4430268523992729
45.430286857905266,1.4173742580664561,1.4753533255140954,1.4304915103710307
45.48032021347565,1.421240539342965,1.4797702564627726,1.446996385387904
45.53035356904603,1.4221980870355706,1.47024417189391,1.4323830434499822
45.58038692461641,1.437214582971001,1.450103841632578,1.4382823537286635
45.63042028018679,1.4361535162535204,1.4464495553535885,1.4381522726730456
45.68045363575717,1.4360827161231973,1.438345514741175,1.45488052391627
45.73048699132755,1.4323247504044376,1.4182699476086666,1.445354959379703
45.78052034689793,1.4384785249438692,1.418819072046831,1.4365696183414582
45.83055370246831,1.4463357273755646,1.4254972645270738,1.433593310859779
45.88058705803869,1.4458110456365438,1.42685084402684,1.4398836152764378
45.93062041360907,1.4597581991212094,1.449738182819975,1.4361247572301046
45.980653769179455,1.4687839859621106,1.4361751318541813,1.4148730886248009
46.03068712474983,1.478541363572918,1.45425910336718,1.4194694399737902
46.08072048032021,1.4742245462100727,1.4543996611456191,1.4245337961029472
46.130753835890594,1.4579090942804607,1.4386027809380486,1.448522457111286
46.18078719146097,1.45894748135899,1.43596247139564,1.4531993448798988
46.23082054703135,1.4578286937302174,1.4411369122935216,1.4330258928613828
46.280853902601734,1.4366301808361475,1.4507501555042337,1.46008070991673
46.33088725817211,1.451102759073617,1.4323851197681758,1.4631507104054025
46.3809206137425,1.4489871396740952,1.4376420169678452,1.4711285478829437
46.430953969312874,1.4566757546777904,1.4439231818775051,1.4725848400693606
46.48098732488325,1.4715658045487678,1.4606546647826693,1.448934071041657
46.531020680453636,1.4643023471050591,1.4617590273610304,1.451896812393673
46.581054036024014,1.4700356246751496,1.449815135018208,1.4724180224636594
46.63108739159439,1.4736846838504756,1.458825162850897,1.4544464703701048
46.681120747164776,1.4758965202503243,1.4731289272948265,1.4590838943385513
46.731154102735154,1.4873163463338295,1.4686516972905352,1.4711600773694267
46.78118745830554,1.4789862380704502,1.4523618175309647,1.474177678967786
46.831220813875916,1.484758570318568,1.4565973520662086,1.4769634776171552
46.881254169446294,1.468753743199317,1.45836896482036,1.4723030750680124
46.93128752501668,1.4699202928967925,1.464001973242309,1.4707545517013882
46.981320880587056,1.4781158858434684,1.4526398126125266,1.4551750276084794
47.03135423615743,1.4700196208822032,1.4493542073490817,1.4418313094249742
47.08138759172782,1.453740626066558,1.4689912884976049,1.437178355992562
47.131420947298196,1.440533049622369,1.4725452050492622,1.4363053824697032
47.18145430286858,1.4457617614376326,1.4534029921627318,1.4385751484662712
47.23148765843896,1.4522973867062887,1.454084020150245,1.4607009979893268
47.281521014009336,1.4327044350738831,1.4314265632327097,1.4564919909475467
47.33155436957972,1.4338264071548654,1.4303078511167115,1.4406561945032383
47.3815877251501,1.4342272963755216,1.4282638667454675,1.4337518823300957
47.431621080720475,1.4345957124261197,1.4279606244224525,1.4375735166589625
47.48165443629086,1.441838778305758,1.4403939803042547,1.419582422720015
47.53168779186124,1.4507296498221243,1.4345028834645546,1.4219660140036958
47.58172114743162,1.4464439028588658,1.4174315658167147,1.4298825225498404
47.631754503002,1.4633350111845527,1.4328627716894016,1.442827189805907
47.68178785857238,1.4361771432816768,1.4722174213207189,1.4447826788325706
47.73182121414276,1.4524600542713024,1.4702610458586352,1.460692537979751
47.78185456971314,1.459692744933511,1.4767097119258084,1.467938352823889
47.83188792528352,1.4470020241689294,1.4801886356258511,1.4528245092453127
47.8819212808539,1.4446886807047894,1.4590488869283,1.4358292525217644
47.93195463642428,1.4362565349620735,1.4629222362353607,1.4555597608607196
47.981987991994664,1.4042250116368458,1.461438334875729,1.4616802302280485
48.03202134756504,1.4105571436359292,1.454360963181862,1.441497226030949
48.08205470313542,1.4133421733111837,1.464331981663935,1.4279027229215195
48.132088058705804,1.3978447091690145,1.4609807232388992,1.4374379302200126
48.18212141427618,1.3966351714786958,1.4367816688108408,1.4318069923068557
48.23215476984656,1.3999603656914827,1.4394499822558815,1.4432285171444514
48.282188125416944,1.4259507997967733,1.4111948088978699,1.4645802282011116
48.33222148098732,1.4255384561466604,1.4086670240045271,1.4597782670150836
48.382254836557706,1.4250542183054038,1.4072396001670522,1.4469184052427022
48.432288192128084,1.4146804232100143,1.4067109684534886,1.4589572797921002
48.48232154769846,1.408187531836478,1.395429490457188,1.455318151614242
48.532354903268846,1.4213502838661183,1.4145173937813231,1.4351059477766295
48.582388258839224,1.4340463413812055,1.4377374060904236,1.4388120998628575
48.6324216144096,1.4292909174219808,1.4494228154244349,1.4152866972532971
48.682454969979986,1.4460299336421314,1.4586613707036025,1.431450013670839
48.732488325550364,1.4430993804874472,1.4792610362110437,1.437868005548491
48.78252168112075,1.4392178731705971,1.4583911483270169,1.466617549201949
48.832555036691126,1.4602155525048648,1.46565436188638,1.475710679224528
48.8825883922615,1.4758352755281494,1.4468247137845363,1.4748662437221447
48.93262174783189,1.4784102578107265,1.442429456171381,1.4752549503411576
48.982655103402266,1.4777271574828117,1.4407442913900375,1.4850942299923418
49.03268845897264,1.4746627722867005,1.4510431642224195,1.4925326041719413
49.08272181454303,1.451720190371434,1.445811699700637,1.491788566646605
49.132755170113406,1.4407190570259345,1.4649785525044876,1.49940463077554
49.18278852568379,1.4113330178804666,1.457890662634293,1.4830059924073047
49.23282188125417,1.4174077927102464,1.4578839681229931,1.4714072200263582
49.282855236824545,1.423799005942942,1.452969149611698,1.4369704133791583
49.33288859239493,1.4417604161387658,1.4430198479966228,1.450790491393446
49.38292194796531,1.4508450233896835,1.4381190841083349,1.4489813645198786
49.432955303535685,1.4630680643836393,1.4347861089866567,1.436915933883329
49.48298865910607,1.4321893016680005,1.4472094663917725,1.431369321169755
49.53302201467645,1.4245720214528497,1.4524518368826815,1.440500864379907
49.58305537024683,1.4301858141747488,1.4414126401586353,1.4487024107648663
49.63308872581721,1.4270029057668494,1.4484964878576188,1.4565549496964008
49.68312208138759,1.43626618385479,1.445158865985834,1.4577081582415417
49.73315543695797,1.430557998064077,1.443680569572856,1.4670289681408468
49.78318879252835,1.4404828056260572,1.4543784574229843,1.4531249265456503
49.83322214809873,1.4537642930792123,1.4512439637831416,1.4404564583902744
49.88325550366911,1.4642860016236177,1.4622495121588779,1.4344217535304586
49.93328885923949,1.4684477073705244,1.4503194062855354,1.420100172333813
49.983322214809874,1.4736659629603053,1.4422599315029019,1.4176052730216409
50.03335557038025,1.457758498038644,1.4488246855770481,1.4087666523521973
50.08338892595063,1.4629436314142323,1.4408100043874303,1.425629899646052
50.133422281521014,1.4382664386413517,1.449695625291973,1.459910545659069
50.18345563709139,1.4411074675965396,1.4351861367827101,1.4760783314236106
50.23348899266177,1.4440050720362343,1.4386482953796937,1.4574948550243179
50.283522348232154,1.4357935627240288,1.4363923032549348,1.456243426201378
50.33355570380253,1.4391482580893091,1.4275172548494124,1.4502087143481999
50.383589059372916,1.4197558081208768,1.4403794313145566,1.4522681710790615
50.433622414943294,1.4064725023606706,1.4461158450730964,1.4638063770570342
50.48365577051367,1.3968209056404386,1.4342783076206953,1.4646146123648247
50.533689126084056,1.4153617554758742,1.4245566853905223,1.473780322871422
50.58372248165443,1.4278246605148612,1.4426512125261979,1.4457945182399123
50.63375583722481,1.432292981928164,1.4368320485592898,1.437715873680425
50.683789192795196,1.4474298041319156,1.4300543904663057,1.4318250826546088
50.73382254836557,1.4557322345194303,1.4403775308701865,1.4182176649762648
50.78385590393596,1.4298221440993104,1.4668802422834724,1.409856493709901
50.833889259506336,1.445529253814075,1.4607730523145268,1.4114897206725845
50.88392261507671,1.444324411149652,1.466664267018738,1.4251630370321517
50.9339559706471,1.4274994171382993,1.4802775311707221,1.4349655182696952
50.983989326217475,1.4365943827912606,1.4639950607376293,1.4301576433644008
51.03402268178785,1.4377751457527703,1.4751648809234046,1.4420373025016078
51.08405603735824,1.4684152248051725,1.4697697762447397,1.4490609393189744
51.134089392928615,1.4700995346015262,1.4617276411365336,1.4245635233902907
51.184122748499,1.4782673901006234,1.463353574407634,1.4169629831650095
51.23415610406938,1.475148791171537,1.4648176245972988,1.403036286420403
51.284189459639755,1.4733096947198279,1.4630728884646123,1.405545536213012
51.33422281521014,1.48725185659362,1.4498484574009007,1.4144032308651147
51.38425617078052,1.4738825970496394,1.4417925487938281,1.419418865381661
51.4342895263509,1.4595994139182007,1.4271736126608312,1.4215410020295243
51.48432288192128,1.4540099606658128,1.4207453745503646,1.4376201605845487
51.53435623749166,1.4448558012416859,1.416078804921657,1.4319105875728522
51.58438959306204,1.4311673643472926,1.4141033749693168,1.4349239329812886
51.63442294863242,1.4419671249557384,1.4265962368085305,1.4512892395267782
51.6844563042028,1.4578843978129306,1.4271965693823132,1.4555113115968215
51.73448965977318,1.4803950517571294,1.4281837522802325,1.444498911215445
51.78452301534356,1.4823140896376197,1.430631297644691,1.452270755614592
51.834556370913944,1.4793713034283233,1.4224851824415197,1.4572152067896635
51.88458972648432,1.469228039550576,1.4387738045320009,1.4645170886530432
51.9346230820547,1.4624738923450575,1.4276109730890871,1.4595020003157924
51.984656437625084,1.442858349178875,1.4501739012289196,1.444898819618889
52.03468979319546,1.4433113226625418,1.4546315027649765,1.448297751449476
52.08472314876584,1.4439382643308833,1.4672359112788014,1.45417751217515
52.134756504336224,1.4259875814262977,1.4838430689216071,1.452957154556664
52.1847898599066,1.4148483675720942,1.4830248402846984,1.432718933199989
52.234823215476986,1.4194047159807783,1.463087485441326,1.4297722878119175
52.284856571047364,1.4218630781189383,1.4495628578952402,1.4427551649610812
52.33488992661774,1.4305712422813275,1.452075950511705,1.4449921835252972
52.384923282188126,1.429622886635771,1.4537430295368154,1.4462814154792083
52.4349566377585,1.426843166138007,1.4287433913498164,1.4385213165994493
52.48498999332888,1.447686421682847,1.4351463926359072,1.4275886207107296
52.535023348899266,1.4447267152044276,1.4178120389480753,1.4329070460674058
52.58505670446964,1.4464322401774006,1.4216164446343722,1.4505730902973104
52.63509006004003,1.4239915550269087,1.4138408589074882,1.4688092032385494
52.685123415610406,1.4281593392500103,1.427047022992888,1.4526766020699824
52.73515677118078,1.4164696259475995,1.4145279226078609,1.4707019086543536
52.78519012675117,1.4286528439017205,1.4408864203498466,1.4766480897317116
52.835223482321545,1.4281205084012683,1.4435582241490865,1.4415682117148625
52.88525683789192,1.4525837242706083,1.484449081826085,1.437671164153073
52.93529019346231,1.452593120507891,1.4819087916393086,1.4404688065108735
52.985323549032685,1.4609364109634366,1.476386850676481,1.4471769269353294
53.03535690460307,1.448890627092006,1.4622700840075478,1.4726165931875035
53.08539026017345,1.4415301532040128,1.4378485212729428,1.483027081780409
53.135423615743825,1.4367113946829724,1.4387077397411234,1.46674210083678
53.18545697131421,1.4268648225800928,1.4454057509061748,1.46027078637691
53.23549032688459,1.4266900767339021,1.4550554983160857,1.4447324587327754
53.285523682454965,1.4295307461525133,1.4377695695758346,1.4232027747256504
53.33555703802535,1.447644749738514,1.4566211342364188,1.4409234147399834
53.38559039359573,1.4522826548020331,1.4574524258051365,1.443660451858743
53.43562374916611,1.4574717805056054,1.4604033812213837,1.4620923069747211
53.48565710473649,1.4774205241538065,1.4646515087958585,1.4546109974638521
53.53569046030687,1.475290551751444,1.4598748611421868,1.4613409833772668
53.58572381587725,1.4792183411653683,1.4689199890502669,1.4692272090601148
53.63575717144763,1.479290088288543,1.4489151626504193,1.4650730030242392
53.68579052701801,1.474844018686174,1.4427019436145458,1.4628431465357912
53.73582388258839,1.4567840703965238,1.4511029825313218,1.458808430796274
53.78585723815877,1.4671374934111325,1.456023852651405,1.440257669828179
53.835890593729154,1.4520449583281043,1.4559940783199834,1.4431144282422301
53.88592394929953,1.4350401021570234,1.4608037638324582,1.4545320354735445
53.93595730486991,1.4338345095669933,1.4784604705333506,1.4326948398215869
53.985990660440294,1.4326981718344882,1.471033564243719,1.416113804166936
54.03602401601067,1.433625472850101,1.4669254063411195,1.4324109928378204
54.08605737158105,1.4478140989664798,1.4712990417612475,1.4307272602866383
54.136090727151434,1.463075999670755,1.4760331485210445,1.447800199437442
54.18612408272181,1.4502922737744968,1.4646271828486221,1.4427435784004916
54.236157438292196,1.4576039839575188,1.462050179236977,1.4656288246956444
54.28619079386257,1.4411349972473204,1.4686974976137037,1.4699492093910118
54.33622414943295,1.4406917809363056,1.455597734725543,1.460687509375048
54.386257505003336,1.43069204860182,1.4691887964528523,1.4376458593255335
54.43629086057371,1.4275193248405007,1.4574900385262253,1.4336831376481267
54.48632421614409,1.444486860063337,1.452068064595836,1.4458920476280768
54.536357571714476,1.4383645193291281,1.4649634600587964,1.4644717534969804
54.58639092728485,1.4448169305740288,1.4780746683368893,1.4628040657261878
54.63642428285524,1.4327144110696048,1.4792016342687462,1.4509786981703798
54.686457638425615,1.4386271022295534,1.459498068175086,1.4361520143703244
54.73649099399599,1.4745589586409176,1.4463861004943201,1.4441598355892613
54.78652434956638,1.4568747898275287,1.435273335834443,1.4626362956292511
54.836557705136755,1.4589654514851842,1.4399014250433724,1.4724021330693242
54.88659106070713,1.4556517387585717,1.4493320631109972,1.4768931741032127
54.93662441627752,1.4695854275452482,1.4409600950540047,1.4719466135519352
54.986657771847895,1.4910892483582077,1.4515182378390916,1.478620683457962
55.03669112741828,1.4869847985455633,1.4562896521722954,1.4489776615930656
55.08672448298866,1.4859379980081313,1.4552436086800384,1.4388203163438922
55.136757838559035,1.4806366792268888,1.452080670019181,1.4506459716894544
55.18679119412942,1.4819462395845044,1.4258168097424537,1.4697845522047157
55.2368245496998,1.4758043488523827,1.4248735041374172,1.4631345552998372
55.286857905270175,1.470611420086862,1.4371740154661707,1.4576570807944496
55.33689126084056,1.4560136579809224,1.4261447079476486,1.4579511962803091
55.38692461641094,1.457821263607192,1.4089716040677769,1.4585580785749952
55.43695797198132,1.4417193314377401,1.4259443694132872,1.4682916742953964
55.4869913275517,1.4414943173736479,1.420362570505904,1.4741830552227881
55.53702468312208,1.4517346004028422,1.4234178831821354,1.4721752226614222
55.58705803869246,1.4612662544734814,1.4149422944731762,1.4697501322528768
55.63709139426284,1.4692541251779696,1.4254221390454493,1.484987202938062
55.68712474983322,1.4661527549686566,1.4361171892050495,1.4687949098740296
55.7371581054036,1.4746857514447647,1.4523976357292894,1.4723167529251406
55.78719146097398,1.4569633651467593,1.4445389381957412,1.4724329191959684
55.837224816544364,1.4602107498211125,1.4661081300220653,1.4789150611854713
55.88725817211474,1.458282958378488,1.4369051209608574,1.474642991691231
55.93729152768512,1.47959409141665,1.4447291798940092,1.4757222102979861
55.9873248832555,1.4771912240679006,1.4468903796663868,1.4736570338565789
56.03735823882588,1.4563655978556531,1.4323427377871079,1.4839641620262607
56.08739159439626,1.4524467510888575,1.4455169237664696,1.4720628527031132
56.13742494996664,1.4620891809975158,1.4317205802450792,1.457150229128705
56.18745830553702,1.449656926438864,1.4392132890379639,1.4662861156478901
56.237491661107406,1.4648263462861488,1.4461341581636151,1.474744345263955
56.28752501667778,1.4486713611899042,1.456564620286061,1.450234770432507
56.33755837224816,1.4568336208754304,1.4634919329429101,1.4347944864743545
56.387591727818545,1.4603394436700432,1.4363804929527562,1.4444549966742508
56.43762508338892,1.4668624036050857,1.4270088174524933,1.4446588760997643
56.4876584389593,1.4532636141860764,1.4338949314433824,1.4577291536260557
56.537691794529685,1.4472126166054315,1.414220335366264,1.4370608653536796
56.58772515010006,1.4496956038135913,1.4346921224250022,1.436094891949141
56.63775850567045,1.4379441630435503,1.4436772507657332,1.442183575151104
56.687791861240825,1.42571554283458,1.458458686018985,1.4391680681334285
56.7378252168112,1.4338254566931976,1.462307600297527,1.4588976519291534
56.78785857238159,1.4303948573498426,1.4802790614272756,1.442869441268109
56.837891927951965,1.4697804655796707,1.4667683211339166,1.4350226835319364
56.88792528352234,1.4533660581412835,1.4746453650107327,1.4515331168933399
56.93795863909273,1.4520871311600076,1.4844648011484376,1.4241585273844772
56.987991994663105,1.4594698787602074,1.4643883663584558,1.427153349727884
57.03802535023349,1.466210922498365,1.4860403719177069,1.4305538119659795
57.08805870580387,1.4841653478560102,1.4893320607581477,1.4268109693788629
57.138092061374245,1.4821555955239847,1.4802380508148345,1.4275940133852667
57.18812541694463,1.4942536412647605,1.4694572360855378,1.4324003482870162
57.23815877251501,1.4753162525585348,1.475341133327237,1.4087022790907824
57.288192128085385,1.4663996519141291,1.4786408816766285,1.4155816535951473
57.33822548365577,1.4663864126094406,1.4449735768129657,1.4204706788316934
57.38825883922615,1.4743176562618936,1.4513992969200349,1.412933372928496
57.43829219479653,1.4779996413030654,1.4466994994601012,1.4150911852176578
57.48832555036691,1.458409959095013,1.444084670407428,1.4329461545806534
57.53835890593729,1.465507876068976,1.4182116051088267,1.4384825931259255
57.58839226150767,1.4697751266718861,1.4296288223507458,1.4330911221761697
57.63842561707805,1.4711476230739222,1.4434890376625695,1.4489324688517626
57.688458972648434,1.4771967767261236,1.451811973953332,1.4686718114225967
57.73849232821881,1.470100369457237,1.4570650687042852,1.457353956614508
57.78852568378919,1.4559421387633207,1.446584519877614,1.447775852375718
57.83855903935957,1.4580714748339552,1.4532060604025998,1.4429810928362095
57.88859239492995,1.4662697083481773,1.445229551340381,1.440770256627334
57.93862575050033,1.4575677595196936,1.4505556403836446,1.441088878548513
57.98865910607071,1.460894839748264,1.4561451093414755,1.4578983385671107
58.03869246164109,1.4599246399103374,1.4568234311770585,1.4669053311317988
58.088725817211476,1.4604972731253225,1.4741478169253384,1.4575201550251993
58.13875917278185,1.460181164951368,1.4578241237408267,1.4606413916702925
58.18879252835223,1.4595091489746714,1.4353941151334744,1.450329730410986
58.238825883922615,1.4665962488213196,1.4492757967966057,1.4587919002792935
58.28885923949299,1.4628414275916592,1.4410617070654768,1.439036544727354
58.33889259506337,1.442562174713703,1.4281615429119903,1.4287354378657249
58.388925950633755,1.4565858728348828,1.4389133969407049,1.4309752460612413
58.43895930620413,1.4291310564613648,1.4479478736393991,1.4169213864145285
58.48899266177452,1.409896131348369,1.429941551756138,1.4484760617931352
58.539026017344895,1.4252765004380956,1.4302026783215864,1.450001549982776
58.58905937291527,1.4513682736283173,1.4453046098093743,1.4410508192617748
58.63909272848566,1.446490629629342,1.471764179955497,1.4506136033348715
58.689126084056035,1.4540953759043258,1.4621607828115766,1.4480634718627583
58.73915943962641,1.453690691723632,1.4789486633594549,1.4449427851834264
58.7891927951968,1.4484884126938493,1.4806945751946843,1.4659490279026353
58.839226150767175,1.4519310025161933,1.4706358086107163,1.469820575349537
58.88925950633756,1.4671988712976274,1.4457737900021654,1.4700476029534624
58.93929286190794,1.4606784551745449,1.4430968850170829,1.4595730607595474
58.989326217478315,1.4510565426302082,1.442277949171325,1.4554694727822357
59.0393595730487,1.442004139573901,1.4514338451816364,1.459142719995175
59.08939292861908,1.4607471549142863,1.4445250280962905,1.4635880060082478
59.139426284189454,1.4572554195790364,1.4465978338405225,1.4683223831453125
59.18945963975984,1.4468980947443433,1.461744117680593,1.4701029073884304
59.23949299533022,1.4290887908269145,1.478608316015552,1.4830354231415521
59.2895263509006,1.4313464469527066,1.4494930064212934,1.4599645833382362
59.33955970647098,1.4334555289287616,1.4272573909168795,1.4740410124740078
59.38959306204136,1.4562028380141177,1.4233998667655985,1.4831095177455111
59.43962641761174,1.4573448251363232,1.4294435615145746,1.495253447586226
59.48965977318212,1.4419971328351566,1.450648725627996,1.4905722324056527
59.539693128752496,1.4580080815652359,1.4213237196727446,1.494110425595427
59.58972648432288,1.4472922964216464,1.4134883899931396,1.4902108169762116
59.63975983989326,1.4509439970881854,1.42298072628671,1.5033215770458461
59.68979319546364,1.462435457445734,1.4214638243719862,1.4839437084720273
59.73982655103402,1.464025099764135,1.4341310803753256,1.4759291138224089
59.7898599066044,1.4415971254979851,1.4412733492696301,1.4580393516511512
59.83989326217478,1.4515952977796134,1.464958160030339,1.4578626649360928
59.88992661774516,1.4378774041506601,1.4558193433654902,1.4768305933959334
59.93995997331554,1.4303030874456948,1.4507918259060508,1.466816303079261
59.98999332888592,1.435553678115151,1.4554699442157906,1.4663125589573336
60.0400266844563,1.4218756587502845,1.4511685405295032,1.4716663513497699
60.090060040026685,1.4093675669472507,1.4567500175607566,1.4819250005231692
60.14009339559706,1.4316746145492791,1.4478212690266308,1.4568606690649297
60.19012675116744,1.4086963400555899,1.4633048737543817,1.4387143361226138
60.240160106737825,1.4292806318624627,1.467083311446274,1.4256617201515405
60.2901934623082,1.4383708530520736,1.4664054385550371,1.4428358199329043
60.34022681787858,1.4365484361756409,1.46239577679274,1.432505057402106
60.390260173448965,1.4437034432730131,1.4445803034897815,1.4432011313042237
60.44029352901934,1.4587253358468428,1.449266273560622,1.4591291653931464
60.49032688458973,1.4396166297126929,1.4496935671646387,1.4424286423677342
60.540360240160105,1.4394761033612122,1.439450422733652,1.446671466623598
60.59039359573048,1.4356293232160384,1.4492545896198143,1.4431331331892083
60.64042695130087,1.4517484530272842,1.449912495928068,1.4431950507370905
60.690460306871245,1.4726831307226944,1.4675099395477817,1.4527172986092982
60.74049366244162,1.47704477500196,1.4737853251412032,1.455067953287502
60.79052701801201,1.4613987249115696,1.459053953766582,1.4569571000833434
60.840560373582385,1.45920639504203,1.4580243392050658,1.4321770653575419
60.89059372915277,1.4727267574118812,1.4748200907024638,1.4332075529515398
60.94062708472315,1.4752252560180656,1.471529968574748,1.4273354347150944
60.990660440293524,1.4618492912157643,1.470608417998445,1.4119781181052713
61.04069379586391,1.4638269765022909,1.4848649159614893,1.4155879489390957
61.09072715143429,1.470756309448705,1.462668033919544,1.4070839245244955
61.140760507004664,1.46789943766829,1.4479499621362144,1.4152262272332503
61.19079386257505,1.4492433880548,1.4546623334309159,1.4113934938983521
61.24082721814543,1.4720944681634633,1.4542179495546674,1.4306880941172495
61.29086057371581,1.463661868297974,1.4698554194261646,1.4443165643962237
61.34089392928619,1.4583188109638874,1.4538381981404114,1.4444172600428757
61.390927284856566,1.4458599499576699,1.440509189679658,1.437469622582273
61.44096064042695,1.4383749317068697,1.4234314630572855,1.4561079994279043
61.49099399599733,1.4318177798839542,1.435984585346877,1.4390512628127434
61.541027351567706,1.4482280916714854,1.4721947684464858,1.4514791573877197
61.59106070713809,1.4416167361963235,1.4766520527417157,1.4446556458056927
61.64109406270847,1.4500597800130057,1.496396616420401,1.437292156851986
61.69112741827885,1.4530303232336987,1.4846168274594669,1.4380125783339848
61.74116077384923,1.4449822312023193,1.4664727345110877,1.4437189016679308
61.79119412941961,1.464768243989345,1.488147410513502,1.440479099178894
61.84122748498999,1.4741402781946675,1.4826980955638365,1.4673625547563867
61.89126084056037,1.4679661176961771,1.478503346886347,1.478541941118275
61.94129419613075,1.4471863766798865,1.4813962299433394,1.482924336746352
61.99132755170113,1.429342941195158,1.4854744109348135,1.486649582530507
62.04136090727151,1.424593636226536,1.478852580444147,1.4735845638668357
62.091394262841895,1.4277578076983042,1.4805612021243664,1.4766647071805443
62.14142761841227,1.441291860991831,1.471268419184152,1.4808812781769571
62.19146097398265,1.443420301117022,1.4526238533452411,1.4707319493036077
62.241494329553035,1.4513455623984852,1.4580684531389125,1.4719508627949642
62.29152768512341,1.45085110915153,1.448184816870832,1.4539088444084496
62.34156104069379,1.4654986189185182,1.4548465995602873,1.4581724598771535
62.391594396264175,1.4617520072601151,1.4380169019236047,1.4492262007821581
62.44162775183455,1.4485631978507156,1.4297562276360136,1.4469178491061394
62.49166110740494,1.459282983549328,1.41978155810386,1.431477072563427
62.541694462975315,1.4647425992506982,1.4360901951600926,1.437893178999175
62.59172781854569,1.4692856824861544,1.4443167045505814,1.4507310260109236
62.64176117411608,1.4711298806559252,1.4363028562938265,1.4549264210150885
62.691794529686454,1.4473540457389225,1.4373306802864938,1.4511843057387404
62.74182788525683,1.4492153262619036,1.4396809915560482,1.4530921459618338
62.79186124082722,1.456974030150059,1.4650762344724968,1.4435802838931422
62.841894596397594,1.4403957343039704,1.4556984598213858,1.4352621378399237
62.89192795196798,1.4449400152594334,1.4404904285667905,1.4382355851261805
62.94196130753836,1.4257503885170975,1.4477260780001855,1.4190538597974671
62.991994663108734,1.4151480082782817,1.4236400287002307,1.4244213866451878
63.04202801867912,1.425446207091961,1.4318525497152093,1.4165484042882652
63.0920613742495,1.3995734820885763,1.433831724172411,1.4139004958798922
63.142094729819874,1.3884197140908867,1.4103014411113037,1.4249261060727099
63.19212808539026,1.3904978888415696,1.4028685300186439,1.4447613691243921
63.242161440960636,1.4033916699032567,1.4240110224758769,1.4347208872226531
63.29219479653102,1.4120290137159692,1.440424468258977,1.4332135292596322
63.3422281521014,1.4245403910055192,1.451510798452771,1.4478466140929704
63.392261507671776,1.402170476497273,1.4385333788561634,1.4502304732184939
63.44229486324216,1.4200069321516466,1.4390186799125404,1.4749689483589827
63.49232821881254,1.411505703447287,1.4245489275010264,1.4615696051419396
63.542361574382916,1.4215324919720653,1.440839247416148,1.4370460070500333
63.5923949299533,1.414203950199989,1.426515072918366,1.4482124328059274
63.64242828552368,1.4177883426377704,1.4323129225274438,1.43689331383534
63.69246164109406,1.4242612289893724,1.444148379870833,1.4352740054688213
63.74249499666444,1.4392144955932025,1.4612522169113966,1.4213720607680362
63.79252835223482,1.4496791298240217,1.4635658919614298,1.425244466024793
63.8425617078052,1.4659329348678851,1.4742964055237013,1.427645496993406
63.89259506337558,1.4592524176513253,1.4810595702948837,1.4243209132243793
63.94262841894596,1.441555009549761,1.4680539266591797,1.4126501701164116
63.99266177451634,1.4255345620154878,1.45118584972625,1.4110870170304224
64.04269513008673,1.4620687397031369,1.4381393250067385,1.411769476749288
64.0927284856571,1.4644736288049252,1.4420253620638248,1.441715306061666
64.14276184122748,1.4594942394497605,1.4138962304401943,1.44811641008121
64.19279519679786,1.4650570431299335,1.4532855260977375,1.4515162073787604
64.24282855236824,1.4467218134124866,1.4605209991806294,1.4598317744992215
64.29286190793863,1.4503075772812162,1.464124431251032,1.4671030488976524
64.342895263509,1.4787999346730396,1.4582293885101127,1.4568237004123534
64.39292861907938,1.465399826642428,1.4582089786317138,1.4644089691501372
64.44296197464976,1.4264481965895037,1.4675750807107766,1.4408340184615176
64.49299533022014,1.4113405438780016,1.4625901966992965,1.4609465657681018
64.54302868579053,1.4227963178146312,1.4490214328688145,1.4799858202250835
64.59306204136091,1.4354230473766818,1.466530334047612,1.4914061555690465
64.64309539693129,1.440292865356616,1.4581398318546828,1.4800806308709
64.69312875250166,1.444341757769291,1.4649637059391156,1.4930471867657358
64.74316210807204,1.4444400444596686,1.4622921436571439,1.4815023493841466
64.79319546364242,1.427419608930446,1.4526902086444606,1.47158014634647
64.84322881921281,1.4203747547914702,1.423164585385828,1.4385157854458361
64.89326217478319,1.4155016493372206,1.443349273337851,1.4304810226861824
64.94329553035357,1.413551827348371,1.4309608542599186,1.4380605259163006
64.99332888592394,1.4145445100517477,1.4397092956843323,1.4516324598194306
65.04336224149432,1.397156844670002,1.4336039316784779,1.458646409432228
65.09339559706471,1.4022522736976422,1.4498798898708853,1.4727432661629887
65.14342895263509,1.4039930220511823,1.4533677976529946,1.4749039001346165
65.19346230820547,1.4106618513838052,1.4370167263820117,1.4621904684223905
65.24349566377585,1.4387252517718807,1.4363420432491212,1.4413517454891096
65.29352901934622,1.4283281988773218,1.4608315618842875,1.439775949183639
65.34356237491662,1.4430860536559598,1.4644107967834,1.4422357867388158
65.393595730487,1.471458495831479,1.48005888503692,1.4585086203819908
65.44362908605737,1.4423357818370612,1.4781354603687529,1.4631857250497287
65.49366244162775,1.4605369337902752,1.4947731886715847,1.4931505788300787
65.54369579719813,1.4706406376718708,1.4744453664901274,1.4754017410503484
65.5937291527685,1.4682298431454395,1.4800720379668157,1.4606916181970329
65.6437625083389,1.465897886809286,1.4761960581496298,1.4566174378684862
65.69379586390927,1.476962810448077,1.4691672147407135,1.4323020703955203
65.74382921947965,1.494915541930543,1.4520409678325683,1.4469544909774636
65.79386257505003,1.4847121385314608,1.426657569154116,1.446652342200988
65.8438959306204,1.4817299916475055,1.4356893459048643,1.4584181735814215
65.8939292861908,1.4711815648764643,1.4421906663848498,1.4598690578375084
65.94396264176117,1.4571268214416173,1.4257865147295192,1.454228208161887
65.99399599733155,1.4526574055891104,1.4251647809698933,1.4469699041652873
66.04402935290193,1.4476382832894727,1.4304625796622277,1.4732644116779772
66.09406270847231,1.4495044142826023,1.4396175842777006,1.4660095213830777
66.1440960640427,1.4426169088938592,1.4346472913897428,1.4650604700862666
66.19412941961308,1.4573095581722137,1.432267526110908,1.4627590902437357
66.24416277518345,1.4554154440005878,1.4395867755257952,1.4570097297143176
66.29419613075383,1.4548398589366922,1.4417779254092966,1.4640833335498766
66.34422948632421,1.4520903182741878,1.428534982390367,1.470229451085862
66.39426284189459,1.4685931669271577,1.4400807978116072,1.4475798440148253
66.44429619746498,1.462649524620844,1.436376343794614,1.4622925322348779
66.49432955303536,1.466998490124747,1.443612230640564,1.4586517891266195
66.54436290860573,1.461303945964992,1.4499303881176882,1.4601454954897228
66.59439626417611,1.481816636533597,1.4573847149281025,1.4533790401645525
66.64442961974649,1.4722644241831835,1.4474486636510424,1.459089622521177
66.69446297531688,1.4780418186806634,1.4463123763059038,1.4691504160338198
66.74449633088726,1.4819132121482963,1.4580105948237858,1.4665695509853656
66.79452968645764,1.4749525757075856,1.4227590578351388,1.453530852024028
66.84456304202801,1.4814991068086054,1.4196317606356446,1.4503788325950409
66.89459639759839,1.4763593555406471,1.4017974086068616,1.4527563756763509
66.94462975316878,1.465440443030343,1.4079506945341465,1.428239584256584
66.99466310873916,1.4365218690266914,1.413176470824834,1.419404309129032
67.04469646430954,1.426148121223188,1.4277373856692208,1.4234557642039911
67.09472981987992,1.425955903657915,1.4478212361624436,1.4118750753614389
67.1447631754503,1.4230068754672933,1.4446757300324062,1.3837696167126223
67.19479653102067,1.433828664089777,1.4628508857158942,1.3917241006721195
67.24482988659106,1.4304142202681405,1.44764610724019,1.3961931319382916
67.29486324216144,1.4384210759126528,1.453175617725988,1.4138375641200278
67.34489659773182,1.4530638159677294,1.4617758955762585,1.4162124704876118
67.3949299533022,1.4506555045614749,1.473452421120063,1.4228542420024932
67.44496330887257,1.4214710590207025,1.44121573874378,1.3924972488089538
67.49499666444297,1.4370400860897088,1.4601824492475783,1.397000689959539
67.54503002001334,1.4377848123585315,1.4705581537165955,1.4078769429695988
67.59506337558372,1.4348970812723534,1.4565601551554987,1.4312977640738926
67.6450967311541,1.4411627009472112,1.448190216177633,1.4492485984547019
67.69513008672448,1.461783645000332,1.4356566099487065,1.4441154907494589
67.74516344229487,1.4678899087658641,1.4245830200261402,1.4414741333848715
67.79519679786524,1.4382427219303817,1.44215770036647,1.4487233147746086
67.84523015343562,1.4251752814103646,1.4305939011476216,1.455684001979575
67.895263509006,1.4267093869521985,1.4211751703380986,1.4621197333145952
67.94529686457638,1.4288994045983225,1.4321964771671356,1.4754097120785055
67.99533022014676,1.444167896900874,1.435916852485407,1.4595656685990064
68.04536357571715,1.4582159948787834,1.4575817943446978,1.4643345738087175
68.09539693128752,1.4721566729893982,1.4528157592073618,1.4803804982348858
68.1454302868579,1.4505435163645315,1.462146483305068,1.4796590250987982
68.19546364242828,1.4401588411083053,1.4598049973039935,1.476200223054587
68.24549699799866,1.4500965623278788,1.4764559798944843,1.470179480489538
68.29553035356905,1.4422167036318423,1.4777919872553384,1.4634982212171215
68.34556370913943,1.456060907315825,1.4861709736888553,1.470157954880464
68.3955970647098,1.4688692366045641,1.4778823807814192,1.4683097045709808
68.44563042028018,1.4621256073918096,1.4686659181794048,1.4689994133747282
68.49566377585056,1.4598284720317036,1.4435985565845146,1.4731992624741161
68.54569713142095,1.467670390437204,1.4557648942591992,1.48012029617157
68.59573048699133,1.4727690634709254,1.4480725296243462,1.4684482026197145
68.6457638425617,1.4852955033404125,1.448294943012798,1.4775575601843736
68.69579719813208,1.485810392241336,1.4649468361491134,1.4689643670920192
68.74583055370246,1.474332729471232,1.457366336826795,1.4646712760426077
68.79586390927284,1.470068038459054,1.449072757959488,1.4506468383241746
68.84589726484323,1.4457213815928396,1.4369752839729228,1.4593786104912403
68.89593062041361,1.4602183519058851,1.4548850339945834,1.467208184858849
68.94596397598399,1.4655809565223703,1.45896690834203,1.432804568762029
68.99599733155436,1.4518255732671046,1.4725294181464008,1.4302668746562106
69.04603068712474,1.466913290845186,1.464234128989508,1.416846254833307
69.09606404269513,1.4546716460078335,1.4529126494536304,1.4285127820936614
69.14609739826551,1.4481322577944575,1.4639213924060002,1.4288296985189044
69.19613075383589,1.4507583214077102,1.4573166499262515,1.448911741788902
69.24616410940627,1.463699814899147,1.433074654009014,1.450973685167493
69.29619746497664,1.458334663494789,1.4435811443159454,1.4277338489483282
69.34623082054704,1.45351185471595,1.4449091933075198,1.4247380830529315
69.39626417611741,1.4555990408406492,1.4494390433720388,1.4157121315641639
69.44629753168779,1.4402425153858738,1.467994292576927,1.4365567104680148
69.49633088725817,1.4373741295091582,1.466500878983992,1.4323482885282504
69.54636424282855,1.4420440932874883,1.4523065524829935,1.4235496105855023
69.59639759839892,1.4760422018670538,1.4429344487109186,1.4375270920217036
69.64643095396931,1.4656444458193685,1.433895448991778,1.4440057759301177
69.69646430953969,1.453143140789721,1.4411195888548325,1.443904495900378
69.74649766511007,1.441110332068686,1.458792201074248,1.445771332802256
69.79653102068045,1.46080641125961,1.4626855299458799,1.4395403448155228
69.84656437625083,1.4471147552313786,1.442645053973823,1.4413693863062444
69.89659773182122,1.463110465641226,1.4371730767280937,1.4318594544714396
69.9466310873916,1.4693217393893259,1.4281286429128264,1.4343052646706609
69.99666444296197,1.4768025352831273,1.4315300308550343,1.4442034249424214
70.04669779853235,1.4921256158157659,1.428151283346668,1.4348719745319178
70.09673115410273,1.481058013049055,1.4304427996163491,1.4107108281984249
70.14676450967312,1.4732776970684653,1.4323731652566019,1.4316628344397593
70.1967978652435,1.4832899130231054,1.4278285821528507,1.4240480203034054
70.24683122081387,1.4624400494170848,1.4104003638828913,1.4376513688982817
70.29686457638425,1.4659442367054936,1.4245781628820517,1.4303529596255027
70.34689793195463,1.4688418715149814,1.4297531826155359,1.4382923219827413
70.396931287525,1.4520326600228004,1.4506203084864355,1.434928835867367
70.4469646430954,1.4480183146009016,1.4641989637228277,1.431079389178865
70.49699799866578,1.464111745063376,1.461864220121763,1.425690759914862
70.54703135423615,1.459471170001265,1.444800533959468,1.4418166523222522
70.59706470980653,1.4557264474710367,1.4460408856388929,1.4550378337411987
70.64709806537691,1.4667251083336854,1.4367875249729067,1.467721242402251
70.6971314209473,1.4606615902183984,1.4390035087834194,1.470020087947994
70.74716477651768,1.4638483586940845,1.4324713946120435,1.4642898606461554
70.79719813208806,1.4547468233091094,1.4563254408329895,1.4407851421028428
70.84723148765843,1.466421583364992,1.4508760948207222,1.433221776940701
70.89726484322881,1.460384594024422,1.4579691157736283,1.4412249471000447
70.9472981987992,1.4561252628929502,1.4417934275828816,1.436269201932278
70.99733155436958,1.4454325601110127,1.4450082309136854,1.429669956654696
71.04736490993996,1.4641909458993385,1.4625761759140454,1.4402887008174894
71.09739826551034,1.4502901467589415,1.4625097215576988,1.437954946110435
71.14743162108071,1.4360508844590807,1.4523420366547493,1.4462090764681685
71.1974649766511,1.4536084346815892,1.4601353112518534,1.4466271222722369
71.24749833222148,1.4686386255780777,1.4606353630927555,1.4346481309130215
71.29753168779186,1.4633012704581578,1.4699343770583622,1.4350590764482052
71.34756504336224,1.462281801898418,1.4801036499447346,1.4301729340686502
71.39759839893262,1.4560262820748289,1.4709276082654161,1.4302166124597682
71.44763175450299,1.4526344200635912,1.4903775435348972,1.4382536473310137
71.49766511007338,1.4581254953840055,1.4999403914937204,1.4489530196057192
71.54769846564376,1.4586504091489743,1.497507193593027,1.452302213340407
71.59773182121414,1.4474648747432828,1.4780317297496237,1.4433145928030635
71.64776517678452,1.4469641979283234,1.4861674569148227,1.4612233394005623
71.6977985323549,1.4403887736124938,1.4774841032307504,1.4686558537389092
71.74783188792529,1.4236716637881646,1.476434123788588,1.462624776804292
71.79786524349566,1.4384530944969123,1.4699865925642632,1.457824088198376
71.84789859906604,1.4386512898659367,1.4388511612981174,1.4452117779664333
71.89793195463642,1.4241437955478264,1.4506736702794236,1.4444723222784277
71.9479653102068,1.4359456629602791,1.4362183922480862,1.44303122952409
71.99799866577719,1.451271942323031,1.4354640507556538,1.4453367452724768
72.04803202134757,1.4509656398980324,1.4340870034748283,1.4416285126400823
72.09806537691794,1.4562026993780068,1.4444713206467539,1.431349714143348
72.14809873248832,1.4819133506537479,1.4377290313171314,1.4325005838904687
72.1981320880587,1.4844816891108092,1.4366161446940489,1.441327540930766
72.24816544362908,1.4827945661848954,1.4479393342484819,1.436431188549844
72.29819879919947,1.4933739483629989,1.448035697628713,1.439407215342306
72.34823215476985,1.4710699600159876,1.4363164908596258,1.4393699359740486
72.39826551034022,1.4719661081617965,1.4223482421874742,1.4546717866886187
72.4482988659106,1.4717196512607578,1.4261407791475809,1.4570211145686571
72.49833222148098,1.4714557128935077,1.4387595589251545,1.4714098320079896
72.54836557705137,1.463865258110903,1.4365676418005464,1.4773212356743561
72.59839893262175,1.4568880799556851,1.4269020478739358,1.4932314676664664
72.64843228819213,1.4740923304050975,1.4233433360996985,1.4876565082257371
72.6984656437625,1.4669820248101746,1.4408027203317924,1.4580827294293406
72.74849899933288,1.46280708411741,1.4192513402868145,1.4511646237403715
72.79853235490327,1.4460805117342226,1.4127850504087844,1.4409740915146114
72.84856571047365,1.4526723697277202,1.4009123389515157,1.4459607040147158
72.89859906604403,1.4271774968368525,1.4038728874495627,1.452391176098801
72.9486324216144,1.4260467150420897,1.4129515856693018,1.4395460105563302
72.99866577718478,1.4377363782561001,1.4156589283900698,1.4314950988656343
73.04869913275516,1.4295269210072068,1.4176897267611392,1.4225692732202166
73.09873248832555,1.4491519288813255,1.4039321899830803,1.4398769251845578
73.14876584389593,1.4570743725015631,1.4123258601557358,1.4305075629488557
73.19879919946631,1.439076742283805,1.4276959661947297,1.4321636788566783
73.24883255503669,1.458231945905087,1.4192161565124461,1.444186264686262
73.29886591060706,1.4513403517630357,1.449087133368191,1.4530741603304878
73.34889926617745,1.4592205610174398,1.450257246617013,1.4615557240571608
73.39893262174783,1.4750849975061042,1.4529084589639514,1.448992308341559
73.44896597731821,1.4693694310383927,1.4628242179220008,1.4466503589763071
73.49899933288859,1.4760120941852608,1.430074362704706,1.4556507680708548
73.54903268845896,1.4597354682318353,1.4415195763424768,1.4554497141083111
73.59906604402936,1.4457901937199644,1.452116793305942,1.4735507784834325
73.64909939959973,1.434458429350725,1.4356211627707731,1.4836228592750094
73.69913275517011,1.4325461501537016,1.4490455211103506,1.4999320212643328
73.74916611074049,1.4213690199643028,1.4622543291599517,1.4902126793291686
73.79919946631087,1.4230512263902388,1.4540867610040946,1.46253625500316
73.84923282188124,1.422607949683268,1.4829237864922415,1.4462158151022682
73.89926617745164,1.4306455706668382,1.4904140719558412,1.4383459715029336
73.94929953302201,1.4330519091702822,1.4887222770375432,1.4497758104917746
73.99933288859239,1.4362092931151338,1.471949525211115,1.4540669006770583
74.04936624416277,1.4507198140418347,1.4715038920594434,1.4592686249504367
74.09939959973315,1.4386552751949848,1.4739374781454884,1.4585837839992384
74.14943295530354,1.4502748604965043,1.4743942867894073,1.4651235355765162
74.19946631087392,1.457136267360348,1.4504467998976298,1.468500771382421
74.2494996664443,1.4537353745451556,1.4455641280013747,1.4738522577354987
74.29953302201467,1.448516801855704,1.4505974858587611,1.461715603405564
74.34956637758505,1.4589486344983966,1.4429196223971508,1.472276414537668
74.39959973315544,1.4416668661840868,1.4416423428201774,1.4567913022428511
74.44963308872582,1.4427443033475496,1.448130529646425,1.4418433456506496
74.4996664442962,1.4486933256268386,1.4466215571283891,1.449431060688619
74.54969979986657,1.4391311230105794,1.43634098743987,1.475206521039231
74.59973315543695,1.4539764252238332,1.420912812710515,1.4414352086845237
74.64976651100733,1.4493552096804532,1.446024679564842,1.4400900244865118
74.69979986657772,1.4540018467871043,1.454891736318286,1.444127211220441
74.7498332221481,1.4795484589764392,1.4639269034777889,1.4514051596806379
74.79986657771848,1.4654693441427937,1.463057449304831,1.4767835763285377
74.84989993328885,1.4621575848693424,1.4611245773277939,1.4621473856375493
74.89993328885923,1.4574251029789123,1.4715979967835922,1.4563235783933628
74.94996664442962,1.4654097194877929,1.4803220745294292,1.4577170915062354
75.0,1.450029491522898,1.4686744488022354,1.449157353470332
